timestep,episode,reward,length
1073,0,-7.499999999999998,50
1123,1,-5.699999999999998,50
1173,2,-3.899999999999998,50
1223,3,-8.7,50
1273,4,-8.099999999999998,50
1323,5,-6.299999999999999,50
1373,6,-7.499999999999998,50
1423,7,-6.899999999999999,50
1473,8,-8.099999999999998,50
1523,9,-8.099999999999998,50
1573,10,-8.099999999999998,50
1623,11,-6.299999999999999,50
1673,12,-6.299999999999999,50
1723,13,-8.099999999999998,50
1773,14,-8.7,50
1823,15,-7.499999999999998,50
1873,16,-6.899999999999999,50
1923,17,-8.099999999999998,50
1973,18,-4.499999999999998,50
2023,19,-6.299999999999999,50
2073,20,-7.499999999999998,50
2123,21,-7.499999999999998,50
2173,22,-6.899999999999999,50
2223,23,-8.099999999999998,50
2273,24,-7.499999999999998,50
2323,25,-8.099999999999998,50
2373,26,-6.299999999999999,50
2423,27,-8.099999999999998,50
2473,28,-6.299999999999999,50
2523,29,-8.7,50
2573,30,-1.4999999999999982,50
2623,31,-7.499999999999998,50
2673,32,-6.899999999999999,50
2723,33,-8.7,50
2773,34,-8.099999999999998,50
2823,35,-8.099999999999998,50
2873,36,-6.899999999999999,50
2923,37,-8.099999999999998,50
2973,38,-8.099999999999998,50
3023,39,-6.899999999999999,50
3073,40,-8.099999999999998,50
3123,41,-7.499999999999998,50
3173,42,-8.099999999999998,50
3223,43,-8.099999999999998,50
3273,44,-8.099999999999998,50
3323,45,-8.7,50
3373,46,-7.499999999999998,50
3423,47,-7.499999999999998,50
3473,48,-8.099999999999998,50
3523,49,-8.099999999999998,50
3573,50,-8.099999999999998,50
3623,51,-7.499999999999998,50
3673,52,-7.499999999999998,50
3723,53,-6.299999999999999,50
3773,54,-9.299999999999999,50
3823,55,-6.899999999999999,50
3873,56,-8.099999999999998,50
3923,57,-6.299999999999999,50
3973,58,-8.7,50
4023,59,-8.099999999999998,50
4073,60,-6.299999999999999,50
4123,61,-6.899999999999999,50
4173,62,-6.299999999999999,50
4223,63,-8.099999999999998,50
4273,64,-8.7,50
4323,65,-8.099999999999998,50
4373,66,-7.499999999999998,50
4423,67,-7.499999999999998,50
4473,68,-8.099999999999998,50
4523,69,-8.099999999999998,50
4573,70,-7.499999999999998,50
4623,71,-7.499999999999998,50
4673,72,-6.299999999999999,50
4723,73,-5.699999999999998,50
4773,74,-8.099999999999998,50
4823,75,-6.899999999999999,50
4873,76,-7.499999999999998,50
4923,77,-6.299999999999999,50
4973,78,-6.299999999999999,50
5023,79,-8.099999999999998,50
5073,80,-8.099999999999998,50
5123,81,-6.899999999999999,50
5173,82,-7.499999999999998,50
5223,83,-8.099999999999998,50
5273,84,-8.099999999999998,50
5323,85,-8.099999999999998,50
5373,86,-4.499999999999998,50
5423,87,-7.499999999999998,50
5473,88,-5.699999999999998,50
5523,89,-5.699999999999998,50
5573,90,-7.499999999999998,50
5623,91,-5.699999999999998,50
5673,92,-7.499999999999998,50
5723,93,-6.899999999999999,50
5773,94,-6.899999999999999,50
5823,95,-8.7,50
5873,96,-6.299999999999999,50
5923,97,-8.099999999999998,50
5973,98,-8.099999999999998,50
6023,99,-6.899999999999999,50
6073,100,-8.099999999999998,50
6123,101,-7.499999999999998,50
6173,102,-6.899999999999999,50
6223,103,-6.299999999999999,50
6273,104,-7.499999999999998,50
6323,105,-8.099999999999998,50
6373,106,-5.099999999999998,50
6423,107,-6.299999999999999,50
6473,108,-6.299999999999999,50
6523,109,-6.299999999999999,50
6573,110,-7.499999999999998,50
6623,111,-6.899999999999999,50
6673,112,-6.899999999999999,50
6723,113,-7.499999999999998,50
6773,114,-6.299999999999999,50
6823,115,-5.699999999999998,50
6873,116,-7.499999999999998,50
6923,117,-8.099999999999998,50
6973,118,-6.299999999999999,50
7023,119,-6.899999999999999,50
7073,120,-6.899999999999999,50
7123,121,-6.299999999999999,50
7173,122,-4.499999999999998,50
7223,123,-0.8999999999999986,50
7273,124,-4.499999999999998,50
7323,125,-2.699999999999998,50
7373,126,-6.899999999999999,50
7423,127,-5.699999999999998,50
7473,128,-8.099999999999998,50
7523,129,-5.099999999999998,50
7573,130,-5.699999999999998,50
7623,131,-7.499999999999998,50
7673,132,-6.899999999999999,50
7723,133,-5.099999999999998,50
7773,134,-8.099999999999998,50
7823,135,-8.099999999999998,50
7873,136,-5.099999999999998,50
7923,137,-5.099999999999998,50
7973,138,-6.899999999999999,50
8023,139,-7.499999999999998,50
8073,140,-6.899999999999999,50
8123,141,-3.299999999999998,50
8173,142,-5.699999999999998,50
8223,143,-3.899999999999998,50
8273,144,-6.299999999999999,50
8323,145,-3.299999999999998,50
8373,146,-5.699999999999998,50
8423,147,-5.099999999999998,50
8473,148,-1.4999999999999982,50
8523,149,-4.499999999999998,50
8573,150,-6.299999999999999,50
8623,151,-5.699999999999998,50
8673,152,-6.899999999999999,50
8723,153,-2.699999999999998,50
8773,154,-0.8999999999999986,50
8823,155,-5.699999999999998,50
8873,156,-3.299999999999998,50
8923,157,-5.699999999999998,50
8973,158,-0.8999999999999986,50
9023,159,-5.699999999999998,50
9073,160,-0.8999999999999986,50
9123,161,-3.899999999999998,50
9173,162,-0.8999999999999986,50
9223,163,-6.299999999999999,50
9273,164,-5.099999999999998,50
9323,165,-5.699999999999998,50
9373,166,-3.899999999999998,50
9423,167,-0.8999999999999986,50
9473,168,-6.299999999999999,50
9523,169,-0.8999999999999986,50
9573,170,-2.699999999999998,50
9623,171,-6.299999999999999,50
9673,172,-2.099999999999998,50
9723,173,-3.899999999999998,50
9773,174,-3.899999999999998,50
9823,175,-1.4999999999999982,50
9873,176,-5.099999999999998,50
9923,177,-5.099999999999998,50
9973,178,-0.8999999999999986,50
10023,179,-5.099999999999998,50
10073,180,-2.099999999999998,50
10123,181,-3.899999999999998,50
10173,182,-3.299999999999998,50
10223,183,-5.099999999999998,50
10273,184,-0.8999999999999986,50
10323,185,-0.8999999999999986,50
10373,186,-3.899999999999998,50
10423,187,-0.8999999999999986,50
10473,188,-1.4999999999999982,50
10523,189,-0.8999999999999986,50
10573,190,-3.899999999999998,50
10623,191,-0.8999999999999986,50
10673,192,-3.299999999999998,50
10723,193,-2.699999999999998,50
10809,194,-4.799999999999998,86
10859,195,-3.899999999999998,50
10909,196,-0.8999999999999986,50
10959,197,-0.8999999999999986,50
11009,198,-2.699999999999998,50
11059,199,-5.099999999999998,50
11109,200,-0.8999999999999986,50
11159,201,-1.4999999999999982,50
11209,202,-4.499999999999998,50
11259,203,-6.899999999999999,50
11309,204,-0.8999999999999986,50
11359,205,-1.4999999999999982,50
11409,206,-0.8999999999999986,50
11459,207,-0.8999999999999986,50
11509,208,-0.8999999999999986,50
11559,209,-0.8999999999999986,50
11609,210,-0.8999999999999986,50
11659,211,-0.8999999999999986,50
11712,212,2.3999999999999986,53
11762,213,-0.8999999999999986,50
11812,214,-0.8999999999999986,50
11862,215,-3.899999999999998,50
11912,216,-0.8999999999999986,50
11962,217,0.9000000000000004,50
12012,218,-0.8999999999999986,50
12062,219,-0.8999999999999986,50
12112,220,-3.299999999999998,50
12162,221,-0.8999999999999986,50
12212,222,-0.8999999999999986,50
12262,223,-0.8999999999999986,50
12312,224,-0.8999999999999986,50
12362,225,-0.8999999999999986,50
12412,226,-0.8999999999999986,50
12462,227,-0.8999999999999986,50
12512,228,-0.8999999999999986,50
12562,229,-0.8999999999999986,50
12612,230,-0.8999999999999986,50
12662,231,-0.8999999999999986,50
12712,232,-0.8999999999999986,50
12762,233,-0.8999999999999986,50
12812,234,1.5,50
12862,235,-0.8999999999999986,50
12912,236,-1.4999999999999982,50
12962,237,-0.8999999999999986,50
13012,238,-3.899999999999998,50
13062,239,0.9000000000000004,50
13112,240,-0.8999999999999986,50
13162,241,-0.8999999999999986,50
13212,242,-0.8999999999999986,50
13262,243,-0.8999999999999986,50
13312,244,-0.8999999999999986,50
13362,245,-0.8999999999999986,50
13412,246,-0.8999999999999986,50
13481,247,-1.0999999999999988,69
13531,248,0.9000000000000004,50
13581,249,-1.4999999999999982,50
13631,250,-0.29999999999999893,50
13681,251,-0.8999999999999986,50
13731,252,-0.8999999999999986,50
13781,253,-0.8999999999999986,50
13831,254,-0.8999999999999986,50
13881,255,-0.8999999999999986,50
13935,256,1.300000000000002,54
13985,257,-0.8999999999999986,50
14035,258,-0.29999999999999893,50
14099,259,1.4000000000000021,64
14149,260,-0.8999999999999986,50
14199,261,-0.8999999999999986,50
14249,262,-0.8999999999999986,50
14299,263,0.9000000000000004,50
14349,264,-0.8999999999999986,50
14399,265,-0.8999999999999986,50
14449,266,-0.8999999999999986,50
14499,267,-0.8999999999999986,50
14549,268,-0.8999999999999986,50
14599,269,-0.8999999999999986,50
14649,270,-0.8999999999999986,50
14699,271,-0.8999999999999986,50
14749,272,-0.8999999999999986,50
14799,273,1.5,50
14849,274,-0.8999999999999986,50
14899,275,-0.8999999999999986,50
14949,276,-0.29999999999999893,50
14999,277,0.3000000000000007,50
15049,278,-0.29999999999999893,50
15101,279,2.299999999999999,52
15151,280,-0.8999999999999986,50
15201,281,-0.8999999999999986,50
15251,282,-0.8999999999999986,50
15301,283,-0.8999999999999986,50
15351,284,-0.8999999999999986,50
15401,285,-0.8999999999999986,50
15451,286,-0.8999999999999986,50
15508,287,2.799999999999997,57
15558,288,-0.8999999999999986,50
15608,289,2.6999999999999993,50
15694,290,-2.3999999999999972,86
15744,291,-0.8999999999999986,50
15794,292,-0.8999999999999986,50
15844,293,-0.8999999999999986,50
15901,294,-1.3999999999999986,57
15951,295,0.3000000000000007,50
16001,296,-0.8999999999999986,50
16051,297,-0.8999999999999986,50
16101,298,-0.8999999999999986,50
16151,299,-0.29999999999999893,50
16201,300,-0.8999999999999986,50
16251,301,-0.8999999999999986,50
16301,302,1.5,50
16351,303,2.0999999999999996,50
16405,304,2.499999999999999,54
16455,305,2.6999999999999993,50
16505,306,-0.8999999999999986,50
16555,307,0.9000000000000004,50
16605,308,-0.8999999999999986,50
16636,309,0.8000000000000012,31
16686,310,-0.8999999999999986,50
16736,311,-0.29999999999999893,50
16822,312,2.9999999999999893,86
16889,313,2.3000000000000025,67
16976,314,-1.0999999999999992,87
17026,315,-0.8999999999999986,50
17076,316,-0.29999999999999893,50
17166,317,1.0000000000000009,90
17216,318,-0.8999999999999986,50
17266,319,-0.8999999999999986,50
17316,320,-0.8999999999999986,50
17366,321,-0.8999999999999986,50
17416,322,0.3000000000000007,50
17472,323,-0.8999999999999988,56
17524,324,2.299999999999999,52
17585,325,-2.1999999999999984,61
17635,326,-0.8999999999999986,50
17685,327,-0.8999999999999986,50
17735,328,-0.29999999999999893,50
17821,329,-1.7999999999999972,86
17872,330,1.0000000000000018,51
17903,331,0.8000000000000012,31
17953,332,-0.8999999999999986,50
18003,333,-0.8999999999999986,50
18073,334,4.9999999999999964,70
18123,335,0.9000000000000004,50
18173,336,-0.8999999999999986,50
18223,337,-0.29999999999999893,50
18273,338,1.5,50
18323,339,-0.8999999999999986,50
18373,340,2.0999999999999996,50
18441,341,-0.599999999999998,68
18495,342,2.4999999999999982,54
18550,343,-0.39999999999999813,55
18603,344,2.9999999999999982,53
18653,345,0.9000000000000004,50
18703,346,-0.8999999999999986,50
18762,347,2.399999999999997,59
18812,348,1.5,50
18864,349,1.700000000000001,52
18914,350,0.3000000000000007,50
18964,351,-0.8999999999999986,50
19019,352,-0.39999999999999813,55
19069,353,-0.8999999999999986,50
19119,354,-0.8999999999999986,50
19169,355,-0.8999999999999986,50
19219,356,-0.8999999999999986,50
19269,357,-0.8999999999999986,50
19319,358,-0.8999999999999986,50
19369,359,-1.4999999999999978,50
19419,360,-0.8999999999999986,50
19473,361,1.8999999999999995,54
19523,362,1.5,50
19584,363,2.5999999999999996,61
19635,364,2.1999999999999993,51
19685,365,2.0999999999999996,50
19771,366,-3.6000000000000005,86
19821,367,2.6999999999999993,50
19879,368,-0.10000000000000142,58
19929,369,2.0999999999999996,50
19979,370,-0.8999999999999986,50
20029,371,0.9000000000000004,50
20079,372,2.0999999999999996,50
20129,373,-0.8999999999999986,50
20179,374,0.3000000000000007,50
20229,375,2.0999999999999996,50
20284,376,-0.39999999999999813,55
20347,377,5.499999999999995,63
20411,378,2.600000000000003,64
20464,379,1.799999999999999,53
20521,380,3.399999999999997,57
20574,381,2.9999999999999982,53
20626,382,2.8999999999999986,52
20677,383,2.799999999999999,51
20733,384,2.6999999999999975,56
20783,385,0.9000000000000004,50
20839,386,-0.8999999999999981,56
20894,387,2.599999999999998,55
20961,388,2.3000000000000025,67
21016,389,0.800000000000002,55
21074,390,1.1000000000000005,58
21124,391,-0.8999999999999986,50
21186,392,3.5999999999999988,62
21249,393,4.299999999999996,63
21335,394,0.599999999999997,86
21385,395,-0.29999999999999893,50
21435,396,-0.29999999999999893,50
21521,397,4.799999999999991,86
21579,398,2.899999999999997,58
21636,399,0.9999999999999982,57
21694,400,1.6999999999999975,58
21744,401,2.0999999999999996,50
21801,402,1.6000000000000023,57
21851,403,-0.8999999999999986,50
21905,404,-0.5,54
21961,405,2.6999999999999975,56
22016,406,2.599999999999998,55
22102,407,1.1999999999999904,86
22152,408,2.6999999999999993,50
22206,409,0.10000000000000187,54
22256,410,-0.8999999999999986,50
22306,411,0.9000000000000004,50
22356,412,-0.8999999999999986,50
22417,413,2.5999999999999996,61
22467,414,1.5,50
22532,415,4.499999999999996,65
22583,416,2.799999999999999,51
22633,417,-0.29999999999999893,50
22683,418,0.3000000000000007,50
22736,419,1.800000000000002,53
22787,420,2.799999999999999,51
22837,421,-0.29999999999999893,50
22893,422,2.6999999999999975,56
22946,423,2.9999999999999982,53
23000,424,2.4999999999999982,54
23050,425,1.5,50
23100,426,-0.29999999999999893,50
23151,427,2.799999999999999,51
23206,428,1.9999999999999982,55
23256,429,-0.8999999999999986,50
23306,430,1.5,50
23356,431,0.9000000000000004,50
23410,432,2.4999999999999982,54
23460,433,2.0999999999999996,50
23510,434,2.0999999999999996,50
23561,435,2.1999999999999993,51
23613,436,2.299999999999999,52
23672,437,-2.3999999999999986,59
23723,438,2.1999999999999993,51
23785,439,-1.1999999999999984,62
23835,440,1.5,50
23888,441,2.9999999999999982,53
23938,442,0.9000000000000004,50
23995,443,2.799999999999997,57
24050,444,1.9999999999999991,55
24106,445,2.6999999999999975,56
24158,446,2.8999999999999986,52
24217,447,3.599999999999996,59
24267,448,2.6999999999999993,50
24322,449,1.3999999999999986,55
24378,450,3.299999999999997,56
24432,451,2.4999999999999982,54
24487,452,3.1999999999999975,55
24540,453,2.9999999999999982,53
24592,454,2.8999999999999986,52
24644,455,2.8999999999999986,52
24699,456,0.2000000000000015,55
24752,457,2.3999999999999986,53
24812,458,3.6999999999999957,60
24875,459,1.9000000000000021,63
25000,460,-2.4000000000000012,125
25055,461,2.599999999999998,55
25112,462,-0.19999999999999796,57
25169,463,2.799999999999997,57
25219,464,-0.8999999999999986,50
25274,465,2.599999999999998,55
25336,466,-1.7999999999999985,62
25400,467,3.1999999999999957,64
25460,468,2.4999999999999964,60
25511,469,2.799999999999999,51
25561,470,2.0999999999999996,50
25612,471,2.1999999999999993,51
25674,472,1.3322676295501878e-15,62
25727,473,2.9999999999999982,53
25777,474,2.0999999999999996,50
25830,475,2.3999999999999986,53
25884,476,1.2999999999999994,54
25942,477,3.4999999999999964,58
25998,478,3.299999999999997,56
26049,479,1.5999999999999996,51
26110,480,3.1999999999999975,61
26160,481,2.6999999999999993,50
26218,482,3.4999999999999964,58
26273,483,3.1999999999999975,55
26327,484,3.099999999999998,54
26377,485,-0.29999999999999893,50
26432,486,2.599999999999998,55
26486,487,3.099999999999998,54
26538,488,2.8999999999999986,52
26593,489,0.7999999999999989,55
26645,490,2.8999999999999986,52
26701,491,3.299999999999997,56
26758,492,3.399999999999997,57
26812,493,3.099999999999998,54
26866,494,2.4999999999999982,54
26916,495,2.6999999999999993,50
26969,496,2.3999999999999986,53
27019,497,0.3000000000000007,50
27069,498,-0.8999999999999986,50
27119,499,2.0999999999999996,50
27171,500,2.299999999999999,52
27225,501,2.4999999999999982,54
27276,502,2.799999999999999,51
27327,503,2.799999999999999,51
27378,504,2.1999999999999993,51
27428,505,0.9000000000000004,50
27514,506,2.3999999999999897,86
27565,507,2.799999999999999,51
27622,508,2.799999999999997,57
27675,509,2.9999999999999982,53
27728,510,0.0,53
27787,511,-1.2000000000000002,59
27837,512,2.6999999999999993,50
27890,513,2.9999999999999982,53
27947,514,1.0000000000000004,57
28001,515,3.099999999999998,54
28066,516,-0.30000000000000204,65
28130,517,0.20000000000000107,64
28185,518,1.9999999999999982,55
28242,519,1.6000000000000023,57
28292,520,0.3000000000000007,50
28345,521,2.9999999999999982,53
28400,522,1.4000000000000012,55
28457,523,3.399999999999997,57
28525,524,4.199999999999999,68
28575,525,1.5,50
28629,526,2.4999999999999982,54
28681,527,2.8999999999999986,52
28731,528,1.5,50
28783,529,2.299999999999999,52
28842,530,2.9999999999999964,59
28897,531,3.1999999999999975,55
28948,532,2.799999999999999,51
29001,533,2.9999999999999982,53
29052,534,2.799999999999999,51
29103,535,2.1999999999999993,51
29156,536,2.3999999999999986,53
29209,537,2.3999999999999986,53
29259,538,2.6999999999999993,50
29345,539,-0.6000000000000023,86
29395,540,2.0999999999999996,50
29446,541,2.799999999999999,51
29497,542,2.799999999999999,51
29549,543,2.8999999999999986,52
29602,544,2.9999999999999982,53
29655,545,1.799999999999999,53
29717,546,3.599999999999996,62
29778,547,1.3999999999999995,61
29834,548,2.099999999999998,56
29889,549,3.1999999999999975,55
29946,550,1.600000000000001,57
29998,551,2.299999999999999,52
30049,552,2.799999999999999,51
30102,553,2.9999999999999982,53
30152,554,1.5,50
30206,555,3.099999999999998,54
30267,556,3.1999999999999957,61
30326,557,2.9999999999999964,59
30380,558,3.099999999999998,54
30431,559,2.799999999999999,51
30490,560,2.3999999999999986,59
30540,561,1.5,50
30600,562,2.4999999999999964,60
30652,563,2.8999999999999986,52
30702,564,2.6999999999999993,50
30757,565,3.1999999999999975,55
30808,566,2.799999999999999,51
30858,567,0.3000000000000007,50
30913,568,-0.39999999999999813,55
30963,569,2.6999999999999993,50
31015,570,2.8999999999999986,52
31071,571,2.6999999999999975,56
31123,572,2.8999999999999986,52
31174,573,2.1999999999999993,51
31225,574,2.799999999999999,51
31279,575,3.099999999999998,54
31329,576,2.0999999999999996,50
31381,577,2.8999999999999986,52
31433,578,2.299999999999999,52
31487,579,3.099999999999998,54
31538,580,1.5999999999999996,51
31592,581,3.099999999999998,54
31648,582,3.299999999999997,56
31698,583,1.5,50
31750,584,2.299999999999999,52
31803,585,2.9999999999999982,53
31865,586,4.799999999999995,62
31916,587,2.1999999999999993,51
31970,588,3.099999999999998,54
32022,589,2.8999999999999986,52
32076,590,1.8999999999999986,54
32129,591,1.200000000000002,53
32181,592,2.8999999999999986,52
32235,593,1.9000000000000021,54
32287,594,2.8999999999999986,52
32338,595,2.799999999999999,51
32390,596,2.299999999999999,52
32447,597,3.399999999999997,57
32501,598,1.300000000000002,54
32554,599,2.9999999999999982,53
32605,600,2.799999999999999,51
32657,601,2.299999999999999,52
32710,602,2.3999999999999986,53
32762,603,2.8999999999999986,52
32815,604,2.9999999999999982,53
32866,605,2.1999999999999993,51
32916,606,2.6999999999999993,50
32971,607,1.9999999999999982,55
33024,608,2.9999999999999982,53
33077,609,0.6000000000000019,53
33128,610,2.799999999999999,51
33182,611,3.099999999999998,54
33234,612,2.8999999999999986,52
33295,613,2.599999999999996,61
33347,614,2.8999999999999986,52
33400,615,2.9999999999999982,53
33451,616,2.799999999999999,51
33504,617,2.9999999999999982,53
33559,618,3.1999999999999975,55
33611,619,2.299999999999999,52
33664,620,2.3999999999999986,53
33714,621,0.9000000000000004,50
33769,622,0.20000000000000195,55
33819,623,2.0999999999999996,50
33872,624,2.9999999999999982,53
33932,625,2.4999999999999964,60
33985,626,2.9999999999999982,53
34035,627,1.5,50
34089,628,3.099999999999998,54
34144,629,2.599999999999998,55
34200,630,2.099999999999998,56
34254,631,3.099999999999998,54
34305,632,2.1999999999999993,51
34362,633,3.399999999999997,57
34422,634,3.099999999999996,60
34472,635,2.6999999999999993,50
34522,636,2.0999999999999996,50
34575,637,2.9999999999999982,53
34639,638,4.399999999999995,64
34700,639,3.1999999999999957,61
34756,640,2.6999999999999975,56
34807,641,2.799999999999999,51
34862,642,2.599999999999998,55
34922,643,3.099999999999996,60
34978,644,2.6999999999999975,56
35034,645,3.299999999999997,56
35088,646,3.099999999999998,54
35138,647,2.0999999999999996,50
35188,648,2.0999999999999996,50
35239,649,2.799999999999999,51
35289,650,2.0999999999999996,50
35343,651,2.4999999999999982,54
35393,652,2.0999999999999996,50
35451,653,3.4999999999999964,58
35503,654,2.3,52
35554,655,2.799999999999999,51
35607,656,2.9999999999999982,53
35657,657,1.5,50
35709,658,2.8999999999999986,52
35771,659,5.399999999999995,62
35829,660,2.299999999999997,58
35884,661,2.599999999999998,55
35934,662,2.0999999999999996,50
35991,663,2.799999999999997,57
36046,664,3.1999999999999975,55
36101,665,3.1999999999999975,55
36156,666,2.599999999999998,55
36208,667,2.8999999999999986,52
36260,668,2.8999999999999986,52
36314,669,3.099999999999998,54
36371,670,2.799999999999997,57
36427,671,3.299999999999997,56
36484,672,3.399999999999997,57
36535,673,2.799999999999999,51
36587,674,2.8999999999999986,52
36642,675,3.1999999999999975,55
36693,676,2.799999999999999,51
36750,677,3.399999999999997,57
36804,678,3.099999999999998,54
36858,679,3.099999999999998,54
36911,680,2.9999999999999982,53
36967,681,2.6999999999999975,56
37024,682,2.799999999999997,57
37083,683,3.599999999999996,59
37141,684,3.4999999999999964,58
37197,685,2.0999999999999996,56
37248,686,2.1999999999999993,51
37303,687,3.1999999999999975,55
37355,688,2.8999999999999986,52
37409,689,1.9000000000000012,54
37459,690,2.0999999999999996,50
37514,691,3.1999999999999975,55
37567,692,2.9999999999999982,53
37622,693,1.9999999999999982,55
37681,694,3.599999999999996,59
37738,695,2.799999999999997,57
37796,696,3.4999999999999964,58
37851,697,3.1999999999999975,55
37904,698,2.3999999999999986,53
37961,699,3.399999999999997,57
38022,700,2.599999999999996,61
38072,701,2.6999999999999993,50
38129,702,3.399999999999997,57
38186,703,3.399999999999997,57
38240,704,3.099999999999998,54
38295,705,3.1999999999999975,55
38348,706,2.9999999999999982,53
38399,707,2.799999999999999,51
38456,708,3.399999999999997,57
38508,709,2.8999999999999986,52
38568,710,3.099999999999996,60
38619,711,2.1999999999999993,51
38673,712,3.099999999999998,54
38732,713,3.599999999999996,59
38783,714,2.799999999999999,51
38840,715,3.399999999999997,57
38898,716,3.4999999999999964,58
38951,717,2.3999999999999986,53
39008,718,3.399999999999997,57
39063,719,2.599999999999998,55
39121,720,-1.2999999999999985,58
39180,721,2.9999999999999964,59
39235,722,2.0,55
39294,723,3.599999999999996,59
39347,724,2.9999999999999982,53
39403,725,3.299999999999997,56
39457,726,3.099999999999998,54
39511,727,3.099999999999998,54
39566,728,3.1999999999999975,55
39619,729,2.9999999999999982,53
39672,730,2.9999999999999982,53
39725,731,2.9999999999999982,53
39782,732,3.399999999999997,57
39842,733,3.099999999999996,60
39900,734,3.4999999999999964,58
39959,735,3.599999999999996,59
40013,736,3.099999999999998,54
40065,737,2.8999999999999986,52
40123,738,3.4999999999999964,58
40177,739,3.099999999999998,54
40229,740,2.8999999999999986,52
40288,741,3.599999999999996,59
40341,742,2.9999999999999982,53
40397,743,2.6999999999999975,56
40450,744,2.9999999999999982,53
40506,745,3.299999999999997,56
40559,746,2.9999999999999982,53
40617,747,2.299999999999997,58
40673,748,2.6999999999999975,56
40727,749,3.099999999999998,54
40792,750,2.6999999999999966,65
40845,751,2.9999999999999982,53
40898,752,2.9999999999999982,53
40955,753,3.399999999999997,57
41007,754,2.8999999999999986,52
41062,755,3.1999999999999975,55
41114,756,2.8999999999999986,52
41171,757,3.399999999999997,57
41225,758,2.4999999999999982,54
41279,759,3.099999999999998,54
41336,760,3.399999999999997,57
41391,761,3.1999999999999975,55
41446,762,3.1999999999999975,55
41499,763,2.3999999999999986,53
41552,764,2.9999999999999982,53
41605,765,2.9999999999999982,53
41659,766,3.099999999999998,54
41718,767,2.9999999999999964,59
41773,768,1.9999999999999982,55
41828,769,3.1999999999999975,55
41879,770,2.799999999999999,51
41934,771,3.1999999999999975,55
41993,772,2.9999999999999964,59
42051,773,3.4999999999999964,58
42105,774,3.099999999999998,54
42191,775,1.1999999999999904,86
42245,776,3.099999999999998,54
42302,777,3.399999999999997,57
42357,778,3.1999999999999975,55
42412,779,3.1999999999999975,55
42465,780,2.3999999999999986,53
42521,781,3.299999999999997,56
42576,782,3.1999999999999975,55
42628,783,2.8999999999999986,52
42686,784,1.1000000000000023,58
42742,785,3.299999999999997,56
42800,786,3.4999999999999964,58
42855,787,3.1999999999999975,55
42913,788,2.899999999999997,58
42965,789,2.8999999999999986,52
43022,790,3.399999999999997,57
43078,791,3.299999999999997,56
43136,792,3.4999999999999964,58
43190,793,3.099999999999998,54
43241,794,2.799999999999999,51
43295,795,2.4999999999999982,54
43353,796,3.4999999999999964,58
43407,797,2.4999999999999982,54
43465,798,1.7000000000000024,58
43519,799,3.099999999999998,54
43582,800,5.499999999999995,63
43640,801,3.4999999999999964,58
43693,802,2.9999999999999982,53
43747,803,3.099999999999998,54
43803,804,3.299999999999997,56
43863,805,0.7000000000000024,60
43915,806,2.8999999999999986,52
43972,807,3.399999999999997,57
44024,808,2.8999999999999986,52
44085,809,3.7999999999999954,61
44143,810,3.4999999999999964,58
44196,811,2.9999999999999982,53
44251,812,3.1999999999999975,55
44308,813,3.399999999999997,57
44358,814,2.0999999999999996,50
44418,815,3.099999999999996,60
44475,816,3.399999999999997,57
44532,817,3.399999999999997,57
44587,818,3.1999999999999975,55
44645,819,3.4999999999999964,58
44701,820,3.299999999999997,56
44764,821,4.899999999999995,63
44816,822,2.8999999999999986,52
44878,823,4.799999999999995,62
44938,824,3.6999999999999957,60
44991,825,2.9999999999999982,53
45047,826,3.299999999999997,56
45097,827,2.6999999999999993,50
45150,828,2.9999999999999982,53
45206,829,3.299999999999997,56
45260,830,3.099999999999998,54
45316,831,3.299999999999997,56
45370,832,2.4999999999999982,54
45435,833,3.899999999999995,65
45491,834,3.299999999999997,56
45544,835,2.9999999999999982,53
45611,836,5.299999999999994,67
45671,837,3.099999999999996,60
45732,838,3.1999999999999957,61
45789,839,3.399999999999997,57
45844,840,3.1999999999999975,55
45901,841,3.399999999999997,57
45963,842,5.399999999999995,62
46026,843,5.499999999999995,63
46085,844,3.599999999999996,59
46142,845,2.1999999999999975,57
46203,846,3.1999999999999957,61
46289,847,3.5999999999999925,86
46352,848,4.899999999999995,63
46413,849,3.1999999999999957,61
46474,850,3.1999999999999957,61
46532,851,2.899999999999997,58
46592,852,3.099999999999996,60
46653,853,2.599999999999996,61
46711,854,3.4999999999999964,58
46772,855,3.7999999999999954,61
46833,856,3.7999999999999954,61
46898,857,2.6999999999999966,65
46962,858,4.399999999999995,64
47022,859,1.3000000000000025,60
47080,860,2.899999999999997,58
47142,861,4.799999999999995,62
47199,862,3.399999999999997,57
47257,863,3.4999999999999964,58
47320,864,4.899999999999995,63
47375,865,3.1999999999999975,55
47430,866,1.4000000000000021,55
47499,867,4.299999999999994,69
47550,868,2.799999999999999,51
47608,869,3.4999999999999964,58
47663,870,3.1999999999999975,55
47713,871,-0.8999999999999986,50
47769,872,3.299999999999997,56
47825,873,3.299999999999997,56
47883,874,2.899999999999997,58
47940,875,3.399999999999997,57
47996,876,2.1000000000000014,56
48053,877,3.399999999999997,57
48108,878,2.599999999999998,55
48172,879,3.7999999999999954,64
48239,880,4.699999999999994,67
48306,881,5.899999999999993,67
48361,882,3.1999999999999975,55
48423,883,5.399999999999995,62
48481,884,2.899999999999997,58
48537,885,3.299999999999997,56
48590,886,2.9999999999999982,53
48647,887,3.399999999999997,57
48708,888,3.7999999999999954,61
48768,889,1.9,60
48832,890,4.399999999999995,64
48883,891,2.1999999999999993,51
48940,892,3.399999999999997,57
48997,893,3.399999999999997,57
49054,894,3.399999999999997,57
49113,895,3.599999999999996,59
49173,896,3.6999999999999957,60
49232,897,2.9999999999999964,59
49290,898,3.4999999999999964,58
49352,899,4.799999999999995,62
49414,900,5.399999999999995,62
49480,901,3.9999999999999947,66
49536,902,2.1000000000000014,56
49591,903,3.1999999999999975,55
49656,904,2.6999999999999966,65
49714,905,3.4999999999999964,58
49776,906,5.399999999999995,62
49862,907,1.79999999999999,86
49924,908,5.399999999999995,62
49983,909,3.599999999999996,59
50040,910,3.399999999999997,57
50104,911,4.999999999999995,64
50165,912,2.599999999999996,61
50223,913,3.4999999999999964,58
50289,914,4.599999999999994,66
50352,915,5.499999999999995,63
50447,916,3.2999999999999865,95
50504,917,2.799999999999997,57
50566,918,3.0000000000000027,62
50634,919,5.999999999999993,68
50694,920,3.6999999999999957,60
50761,921,4.699999999999994,67
50819,922,3.4999999999999964,58
50881,923,4.799999999999995,62
50937,924,3.299999999999997,56
51002,925,4.499999999999995,65
51053,926,2.1999999999999993,51
51119,927,3.9999999999999947,66
51173,928,2.4999999999999982,54
51233,929,3.099999999999996,60
51296,930,5.499999999999995,63
51357,931,3.7999999999999954,61
51418,932,3.1999999999999957,61
51468,933,0.3000000000000007,50
51526,934,3.4999999999999964,58
51580,935,3.099999999999998,54
51639,936,2.9999999999999964,59
51725,937,1.799999999999991,86
51789,938,4.999999999999995,64
51852,939,4.899999999999995,63
51912,940,3.099999999999996,60
51969,941,3.399999999999997,57
52034,942,4.499999999999995,65
52095,943,3.7999999999999954,61
52191,944,5.799999999999985,96
52254,945,5.499999999999995,63
52317,946,4.899999999999995,63
52379,947,5.399999999999995,62
52441,948,5.399999999999995,62
52502,949,3.7999999999999954,61
52561,950,3.599999999999996,59
52625,951,3.7999999999999954,64
52684,952,3.599999999999996,59
52741,953,3.399999999999997,57
52802,954,3.1999999999999957,61
52861,955,3.599999999999996,59
52952,956,1.6999999999999909,91
53013,957,3.7999999999999954,61
53073,958,3.6999999999999957,60
53134,959,3.1999999999999957,61
53220,960,1.1999999999999904,86
53278,961,3.4999999999999964,58
53338,962,3.099999999999996,60
53399,963,3.7999999999999954,61
53464,964,2.6999999999999975,65
53528,965,4.399999999999995,64
53592,966,3.7999999999999954,64
53656,967,4.399999999999995,64
53719,968,4.899999999999995,63
53778,969,3.599999999999996,59
53847,970,4.899999999999993,69
53908,971,3.7999999999999954,61
53967,972,3.599999999999996,59
54029,973,4.799999999999995,62
54096,974,4.699999999999994,67
54161,975,4.499999999999995,65
54225,976,4.399999999999995,64
54288,977,5.499999999999995,63
54351,978,4.299999999999995,63
54411,979,3.6999999999999957,60
54466,980,3.1999999999999975,55
54528,981,5.399999999999995,62
54591,982,4.899999999999995,63
54654,983,5.499999999999995,63
54715,984,3.7999999999999954,61
54774,985,2.9999999999999964,59
54836,986,5.399999999999995,62
54897,987,3.7999999999999954,61
54955,988,2.899999999999997,58
55016,989,3.7999999999999954,61
55079,990,4.899999999999995,63
55144,991,4.499999999999995,65
55198,992,2.4999999999999982,54
55261,993,4.899999999999995,63
55325,994,4.399999999999995,64
55388,995,4.299999999999995,63
55443,996,3.1999999999999975,55
55506,997,4.899999999999995,63
55570,998,4.399999999999995,64
55631,999,3.1999999999999957,61
55684,1000,2.9999999999999982,53
55746,1001,4.799999999999995,62
55814,1002,4.199999999999994,68
55875,1003,3.1999999999999957,61
55938,1004,5.499999999999995,63
56000,1005,5.399999999999995,62
56064,1006,4.999999999999995,64
56127,1007,4.299999999999995,63
56192,1008,4.499999999999995,65
56255,1009,5.499999999999995,63
56321,1010,3.9999999999999947,66
56385,1011,3.7999999999999954,64
56438,1012,2.3999999999999986,53
56499,1013,3.7999999999999954,61
56560,1014,3.7999999999999954,61
56624,1015,4.999999999999995,64
56688,1016,4.399999999999995,64
56742,1017,3.099999999999998,54
56803,1018,3.7999999999999954,61
56889,1019,1.79999999999999,86
56951,1020,5.399999999999995,62
57011,1021,3.6999999999999957,60
57072,1022,3.7999999999999954,61
57133,1023,3.7999999999999954,61
57199,1024,3.9999999999999947,66
57261,1025,5.399999999999995,62
57324,1026,5.499999999999995,63
57423,1027,7.599999999999984,99
57485,1028,5.399999999999995,62
57539,1029,3.099999999999998,54
57605,1030,4.599999999999994,66
57668,1031,4.899999999999995,63
57727,1032,3.599999999999996,59
57790,1033,4.899999999999995,63
57889,1034,8.199999999999983,99
57955,1035,4.599999999999994,66
58014,1036,3.599999999999996,59
58077,1037,4.299999999999995,63
58141,1038,4.399999999999995,64
58201,1039,3.099999999999996,60
58263,1040,5.399999999999995,62
58323,1041,3.6999999999999957,60
58414,1042,6.499999999999986,91
58478,1043,4.999999999999995,64
58542,1044,4.399999999999995,64
58641,1045,6.999999999999984,99
58702,1046,3.7999999999999954,61
58762,1047,3.099999999999996,60
58827,1048,5.099999999999994,65
58890,1049,4.899999999999995,63
58952,1050,4.199999999999996,62
59014,1051,5.399999999999995,62
59077,1052,5.499999999999995,63
59134,1053,2.799999999999997,57
59197,1054,5.499999999999995,63
59258,1055,3.1999999999999957,61
59318,1056,3.6999999999999957,60
59371,1057,2.9999999999999982,53
59434,1058,5.499999999999995,63
59498,1059,4.399999999999995,64
59557,1060,3.599999999999996,59
59620,1061,5.499999999999995,63
59683,1062,4.899999999999995,63
59748,1063,3.899999999999997,65
59847,1064,8.199999999999983,99
59946,1065,5.199999999999985,99
60015,1066,5.499999999999993,69
60115,1067,7.099999999999984,100
60213,1068,9.299999999999983,98
60282,1069,6.0999999999999925,69
60341,1070,3.599999999999996,59
60406,1071,3.899999999999995,65
60468,1072,5.399999999999995,62
60533,1073,2.1000000000000028,65
60596,1074,4.899999999999995,63
60657,1075,3.7999999999999954,61
60791,1076,10.799999999999972,134
60853,1077,4.799999999999995,62
60951,1078,8.699999999999983,98
61015,1079,4.399999999999995,64
61078,1080,4.899999999999995,63
61144,1081,4.599999999999994,66
61205,1082,3.7999999999999954,61
61269,1083,4.399999999999995,64
61332,1084,4.899999999999995,63
61393,1085,3.7999999999999954,61
61455,1086,5.399999999999995,62
61514,1087,2.9999999999999964,59
61578,1088,4.399999999999995,64
61643,1089,3.2999999999999963,65
61711,1090,5.399999999999993,68
61810,1091,6.999999999999984,99
61870,1092,3.099999999999996,60
61940,1093,4.399999999999993,70
62004,1094,4.399999999999995,64
62067,1095,4.899999999999995,63
62128,1096,3.7999999999999954,61
62191,1097,5.499999999999995,63
62282,1098,4.699999999999988,91
62377,1099,7.499999999999984,95
62439,1100,4.799999999999995,62
62575,1101,10.999999999999972,136
62752,1102,14.199999999999958,177
62813,1103,3.1999999999999957,61
62874,1104,3.7999999999999954,61
62974,1105,8.299999999999983,100
63075,1106,6.599999999999984,101
63180,1107,8.799999999999981,105
63240,1108,3.099999999999996,60
63303,1109,4.899999999999995,63
63367,1110,4.399999999999995,64
63428,1111,3.7999999999999954,61
63489,1112,3.1999999999999957,61
63588,1113,7.599999999999984,99
63652,1114,4.399999999999995,64
63716,1115,4.399999999999995,64
63780,1116,4.399999999999995,64
63878,1117,5.09999999999999,98
63977,1118,6.399999999999984,99
64040,1119,3.6999999999999975,63
64214,1120,9.999999999999961,174
64275,1121,3.7999999999999954,61
64335,1122,3.6999999999999957,60
64421,1123,2.3999999999999897,86
64522,1124,8.399999999999983,101
64620,1125,5.099999999999988,98
64685,1126,3.899999999999995,65
64821,1127,9.799999999999972,136
64920,1128,7.599999999999984,99
65095,1129,11.89999999999996,175
65148,1130,2.9999999999999982,53
65209,1131,3.7999999999999954,61
65276,1132,4.099999999999994,67
65374,1133,8.699999999999983,98
65436,1134,4.799999999999995,62
65571,1135,10.299999999999972,135
65706,1136,7.899999999999974,135
65766,1137,3.6999999999999957,60
65864,1138,9.299999999999983,98
65964,1139,5.899999999999991,100
66097,1140,8.599999999999973,133
66184,1141,4.899999999999988,87
66252,1142,4.199999999999996,68
66351,1143,6.999999999999984,99
66415,1144,4.399999999999995,64
66516,1145,3.5999999999999854,101
66725,1146,16.199999999999985,209
66858,1147,4.999999999999975,133
66958,1148,7.699999999999983,100
67092,1149,10.799999999999972,134
67153,1150,3.7999999999999954,61
67251,1151,9.299999999999983,98
67313,1152,4.1999999999999975,62
67414,1153,7.199999999999983,101
67551,1154,11.099999999999971,137
67654,1155,9.799999999999981,103
67792,1156,8.799999999999972,138
67892,1157,7.099999999999984,100
67989,1158,6.499999999999984,97
68053,1159,4.399999999999995,64
68120,1160,5.299999999999994,67
68185,1161,4.499999999999995,65
68282,1162,6.499999999999984,97
68456,1163,9.399999999999961,174
68522,1164,4.599999999999994,66
68623,1165,7.199999999999983,101
68756,1166,7.399999999999974,133
68856,1167,6.499999999999984,100
68920,1168,2.5999999999999988,64
69018,1169,8.699999999999983,98
69152,1170,11.399999999999972,134
69398,1171,22.600000000000076,246
69463,1172,5.099999999999994,65
69527,1173,4.999999999999995,64
69662,1174,10.899999999999972,135
69795,1175,9.799999999999972,133
69860,1176,5.099999999999994,65
70073,1177,14.499999999999948,213
70179,1178,8.299999999999981,106
70240,1179,3.7999999999999954,61
70304,1180,4.999999999999995,64
70395,1181,5.2999999999999865,91
70459,1182,4.999999999999995,64
70558,1183,8.199999999999983,99
70657,1184,8.199999999999983,99
70722,1185,4.499999999999995,65
70787,1186,4.499999999999995,65
70966,1187,15.599999999999959,179
71061,1188,6.299999999999985,95
71161,1189,7.699999999999983,100
71297,1190,10.399999999999972,136
71364,1191,4.699999999999995,67
71462,1192,9.299999999999983,98
71520,1193,1.6999999999999975,58
71622,1194,7.299999999999985,102
71723,1195,5.999999999999984,101
71821,1196,9.299999999999983,98
71926,1197,8.799999999999981,105
71993,1198,5.299999999999994,67
72166,1199,9.299999999999969,173
72380,1200,15.799999999999951,214
72477,1201,5.899999999999984,97
72541,1202,4.399999999999995,64
72675,1203,11.999999999999972,134
72854,1204,13.19999999999996,179
72915,1205,3.7999999999999954,61
73125,1206,16.899999999999995,210
73261,1207,10.399999999999972,136
73359,1208,7.499999999999984,98
73605,1209,17.80000000000001,246
73737,1210,9.099999999999973,132
73835,1211,8.699999999999983,98
73902,1212,4.099999999999994,67
74000,1213,8.099999999999984,98
74097,1214,2.2999999999999883,97
74346,1215,18.400000000000006,249
74558,1216,14.39999999999995,212
74657,1217,8.199999999999983,99
74870,1218,19.300000000000022,213
74933,1219,4.299999999999999,63
74998,1220,3.899999999999995,65
75099,1221,8.999999999999982,101
75232,1222,8.599999999999973,133
75334,1223,5.499999999999986,102
75585,1224,18.000000000000025,251
75686,1225,8.999999999999982,101
75753,1226,4.699999999999994,67
75887,1227,10.199999999999973,134
75951,1228,2.600000000000003,64
76198,1229,16.70000000000001,247
76262,1230,4.399999999999995,64
76477,1231,14.699999999999953,215
76691,1232,18.800000000000004,214
76758,1233,5.899999999999993,67
76897,1234,8.299999999999972,139
77037,1235,11.39999999999997,140
77170,1236,9.199999999999973,133
77236,1237,5.799999999999994,66
77713,1238,32.20000000000032,477
77815,1239,7.899999999999983,102
77949,1240,11.399999999999972,134
78313,1241,29.600000000000218,364
78450,1242,12.29999999999997,137
78515,1243,2.1000000000000028,65
78696,1244,12.799999999999958,181
78834,1245,10.599999999999971,138
78899,1246,3.3000000000000016,65
79035,1247,10.399999999999972,136
79135,1248,6.499999999999984,100
79271,1249,10.999999999999972,136
79484,1250,12.69999999999995,213
79545,1251,3.7999999999999954,61
79683,1252,11.79999999999997,138
79816,1253,9.199999999999973,133
79917,1254,7.7999999999999865,101
80164,1255,18.500000000000014,247
80231,1256,5.899999999999993,67
80363,1257,8.499999999999973,132
80498,1258,11.499999999999972,135
80595,1259,6.499999999999984,97
80730,1260,10.899999999999972,135
80867,1261,9.899999999999972,137
81004,1262,9.899999999999972,137
81139,1263,7.899999999999974,135
81200,1264,3.1999999999999957,61
81268,1265,5.999999999999993,68
81544,1266,18.70000000000008,276
81722,1267,8.899999999999961,178
82049,1268,17.19999999999999,327
82266,1269,17.299999999999976,217
82369,1270,9.199999999999982,103
82420,1271,2.799999999999999,51
82519,1272,7.599999999999984,99
82571,1273,2.299999999999999,52
82623,1274,2.299999999999999,52
82915,1275,23.600000000000083,292
83160,1276,13.49999999999994,245
83225,1277,4.499999999999995,65
83292,1278,5.899999999999993,67
83345,1279,2.9999999999999982,53
83674,1280,28.200000000000166,329
83771,1281,7.699999999999983,97
84133,1282,28.200000000000177,362
84607,1283,35.50000000000034,474
84731,1284,8.299999999999976,124
84828,1285,4.099999999999985,97
84916,1286,6.7999999999999865,88
85020,1287,5.699999999999983,104
85153,1288,4.3999999999999755,133
85445,1289,20.600000000000083,292
85584,1290,6.499999999999973,139
85672,1291,6.199999999999987,88
86030,1292,28.100000000000158,358
86126,1293,6.999999999999984,96
86289,1294,8.899999999999965,163
86339,1295,-0.8999999999999986,50
86585,1296,18.400000000000034,246
86683,1297,9.299999999999983,98
86901,1298,18.60000000000002,218
87001,1299,3.499999999999991,100
87106,1300,7.599999999999982,105
87239,1301,9.199999999999973,133
87304,1302,4.499999999999995,65
87440,1303,11.599999999999971,136
87573,1304,10.399999999999972,133
87751,1305,12.49999999999996,178
87817,1306,3.9999999999999956,66
88067,1307,17.300000000000022,250
88201,1308,12.599999999999971,134
88420,1309,17.499999999999996,219
88525,1310,8.799999999999981,105
88647,1311,3.299999999999983,122
88828,1312,16.39999999999997,181
88966,1313,11.199999999999973,138
89554,1314,50.20000000000048,588
89830,1315,20.500000000000078,276
89919,1316,3.899999999999988,89
89974,1317,2.599999999999998,55
90156,1318,14.699999999999957,182
90336,1319,14.499999999999957,180
90435,1320,6.399999999999984,99
90650,1321,17.700000000000006,215
90755,1322,8.199999999999982,105
90918,1323,9.499999999999964,163
90985,1324,4.099999999999994,67
91234,1325,19.000000000000036,249
91452,1326,16.79999999999998,218
91782,1327,22.900000000000123,330
91852,1328,6.199999999999992,70
91920,1329,5.399999999999993,68
92440,1330,41.600000000000385,520
92769,1331,28.20000000000014,329
92986,1332,18.50000000000003,217
93315,1333,18.600000000000023,329
93516,1334,13.599999999999962,201
93620,1335,8.099999999999982,104
93897,1336,20.600000000000062,277
93996,1337,7.599999999999984,99
94287,1338,25.300000000000104,291
94381,1339,4.999999999999986,94
94744,1340,28.300000000000153,363
94883,1341,9.499999999999973,139
94951,1342,5.999999999999993,68
95012,1343,1.4000000000000026,61
95151,1344,8.899999999999972,139
95595,1345,28.000000000000174,444
95692,1346,5.899999999999984,97
95906,1347,16.999999999999982,214
96200,1348,26.20000000000011,294
96455,1349,20.200000000000024,255
96767,1350,23.20000000000013,312
96930,1351,10.099999999999964,163
97519,1352,52.700000000000514,589
97657,1353,11.79999999999997,138
97951,1354,22.600000000000072,294
98052,1355,8.999999999999982,101
98118,1356,4.599999999999994,66
98256,1357,11.19999999999997,138
98620,1358,30.2000000000002,364
98871,1359,19.800000000000082,251
99185,1360,24.00000000000013,314
99435,1361,16.699999999999957,250
99539,1362,6.299999999999989,104
99642,1363,8.599999999999984,103
99746,1364,8.099999999999982,104
99813,1365,5.899999999999993,67
100091,1366,23.100000000000076,278
100794,1367,54.800000000000594,703
100974,1368,15.69999999999996,180
101417,1369,36.90000000000029,443
101617,1370,15.899999999999988,200
101759,1371,12.799999999999969,142
101862,1372,5.59999999999999,103
101915,1373,2.9999999999999982,53
102305,1374,27.400000000000176,390
102601,1375,22.80000000000005,296
102706,1376,6.999999999999982,105
102844,1377,12.99999999999997,138
103079,1378,14.299999999999983,235
103261,1379,14.699999999999957,182
103366,1380,8.799999999999981,105
103615,1381,22.00000000000005,249
103718,1382,7.999999999999982,103
104047,1383,25.200000000000188,329
104112,1384,0.9000000000000017,65
104295,1385,15.399999999999963,183
104478,1386,16.599999999999973,183
104641,1387,11.299999999999969,163
104778,1388,9.299999999999974,137
104879,1389,7.199999999999983,101
105042,1390,11.899999999999963,163
105257,1391,12.89999999999998,215
105395,1392,9.999999999999972,138
105645,1393,20.90000000000005,250
105782,1394,12.89999999999997,137
105882,1395,5.299999999999991,100
106585,1396,57.20000000000063,703
106685,1397,7.099999999999984,100
107130,1398,41.30000000000033,445
107266,1399,8.599999999999973,136
107404,1400,12.39999999999997,138
107474,1401,6.199999999999992,70
107611,1402,11.099999999999971,137
107662,1403,2.799999999999999,51
107798,1404,10.999999999999972,136
107968,1405,11.999999999999961,170
108069,1406,9.599999999999982,101
108428,1407,30.600000000000207,359
108678,1408,17.299999999999986,250
108894,1409,14.2,216
108996,1410,6.099999999999984,102
109178,1411,12.899999999999958,182
109505,1412,25.000000000000124,327
109641,1413,8.599999999999973,136
109918,1414,23.000000000000085,277
110167,1415,20.80000000000007,249
110592,1416,29.40000000000027,425
110697,1417,8.799999999999981,105
110751,1418,2.4999999999999982,54
111001,1419,23.30000000000006,250
111175,1420,13.599999999999959,174
111271,1421,6.999999999999986,96
111522,1422,21.000000000000068,251
111701,1423,10.79999999999996,179
111900,1424,13.999999999999956,199
112040,1425,7.199999999999973,140
112110,1426,4.999999999999998,70
112167,1427,1.6000000000000023,57
112417,1428,23.300000000000065,250
112634,1429,19.100000000000026,217
112885,1430,22.200000000000067,251
113086,1431,12.999999999999952,201
113337,1432,20.400000000000016,251
113741,1433,36.900000000000254,404
113839,1434,8.699999999999983,98
113944,1435,9.99999999999998,105
114005,1436,2.599999999999997,61
114142,1437,11.099999999999971,137
114278,1438,9.199999999999973,136
114382,1439,8.699999999999989,104
114623,1440,19.10000000000004,241
114874,1441,19.20000000000001,251
115238,1442,32.60000000000017,364
115376,1443,11.199999999999974,138
115478,1444,7.299999999999983,102
115579,1445,7.7999999999999865,101
115814,1446,13.7,235
116029,1447,18.300000000000004,215
116508,1448,36.000000000000256,479
117062,1449,48.30000000000046,554
117390,1450,23.9000000000001,328
117719,1451,22.20000000000012,329
117920,1452,14.199999999999953,201
118062,1453,9.199999999999973,142
118200,1454,8.799999999999974,138
118479,1455,23.800000000000107,279
118616,1456,11.69999999999997,137
119248,1457,48.30000000000051,632
119724,1458,44.10000000000037,476
119861,1459,7.499999999999973,137
120115,1460,23.100000000000062,254
120367,1461,21.10000000000002,252
120732,1462,33.30000000000019,365
120949,1463,19.100000000000012,217
121114,1464,12.699999999999962,165
121182,1465,5.999999999999993,68
121549,1466,36.50000000000023,367
121991,1467,39.20000000000031,442
122091,1468,7.699999999999985,100
122455,1469,30.80000000000023,364
122593,1470,11.79999999999997,138
123072,1471,40.80000000000037,479
123211,1472,12.49999999999997,139
123280,1473,5.499999999999995,69
123534,1474,17.700000000000035,254
123852,1475,22.000000000000085,318
123990,1476,9.999999999999972,138
124471,1477,36.20000000000034,481
124570,1478,8.799999999999983,99
124735,1479,11.499999999999963,165
125212,1480,40.6000000000003,477
125315,1481,5.599999999999984,103
125455,1482,10.799999999999972,140
125558,1483,7.999999999999982,103
125661,1484,9.199999999999982,103
126401,1485,60.90000000000066,740
126523,1486,6.299999999999979,122
126645,1487,7.499999999999977,122
127011,1488,28.000000000000146,366
127339,1489,27.500000000000142,328
127929,1490,57.00000000000049,590
128096,1491,13.499999999999961,167
128199,1492,4.999999999999984,103
128301,1493,5.499999999999995,102
128858,1494,49.20000000000044,557
128996,1495,11.19999999999997,138
129097,1496,8.999999999999986,101
129460,1497,30.100000000000218,363
129888,1498,41.10000000000033,428
130137,1499,19.600000000000044,249
130503,1500,34.60000000000022,366
130685,1501,18.300000000000004,182
131416,1502,60.00000000000069,731
131860,1503,37.00000000000032,444
132059,1504,12.79999999999999,199
132390,1505,32.6000000000002,331
132638,1506,21.300000000000058,248
132967,1507,24.000000000000103,329
133524,1508,49.20000000000045,557
133776,1509,22.900000000000073,252
133994,1510,16.80000000000002,218
134133,1511,11.299999999999972,139
134836,1512,52.4000000000006,703
134938,1513,9.699999999999982,102
135042,1514,10.49999999999998,104
135407,1515,32.10000000000021,365
135474,1516,5.299999999999994,67
135578,1517,9.299999999999981,104
135830,1518,20.50000000000005,252
136076,1519,22.00000000000005,246
136484,1520,34.30000000000025,408
136647,1521,11.299999999999969,163
136750,1522,7.399999999999983,103
137081,1523,26.60000000000011,331
137333,1524,21.700000000000106,252
137697,1525,30.80000000000018,364
137837,1526,12.59999999999997,140
137889,1527,1.0999999999999996,52
137957,1528,4.200000000000001,68
138063,1529,10.09999999999998,106
138202,1530,10.69999999999997,139
138452,1531,19.100000000000023,250
138557,1532,8.799999999999981,105
138808,1533,21.60000000000005,251
139495,1534,54.700000000000585,687
139597,1535,6.69999999999999,102
139667,1536,3.1999999999999966,70
139789,1537,5.699999999999978,122
139927,1538,12.39999999999997,138
140032,1539,9.99999999999998,105
140548,1540,41.800000000000345,516
140767,1541,21.10000000000005,219
140930,1542,7.699999999999969,163
141149,1543,16.299999999999997,219
141513,1544,32.00000000000018,364
141765,1545,22.300000000000058,252
141870,1546,9.39999999999998,105
141973,1547,6.799999999999983,103
142224,1548,21.600000000000033,251
142327,1549,6.799999999999983,103
142580,1550,15.799999999999947,253
142744,1551,11.399999999999963,164
142962,1552,20.40000000000003,218
143100,1553,11.19999999999997,138
143317,1554,17.90000000000002,217
143984,1555,62.300000000000615,667
144147,1556,9.499999999999964,163
144269,1557,6.299999999999978,122
144520,1558,22.200000000000053,251
144659,1559,10.099999999999971,139
144729,1560,6.799999999999992,70
145020,1561,21.700000000000077,291
145156,1562,10.999999999999972,136
145488,1563,25.500000000000185,332
146478,1564,80.19999999999953,990
146575,1565,7.699999999999983,97
146713,1566,10.599999999999971,138
147270,1567,46.800000000000445,557
147372,1568,6.699999999999985,102
147473,1569,8.999999999999984,101
147839,1570,24.400000000000105,366
148281,1571,41.000000000000306,442
148421,1572,11.399999999999974,140
148522,1573,7.799999999999983,101
148870,1574,22.30000000000015,348
149009,1575,10.099999999999971,139
149524,1576,48.3000000000004,515
149820,1577,21.600000000000065,296
149957,1578,12.89999999999997,137
150401,1579,28.000000000000206,444
150573,1580,12.79999999999996,172
150710,1581,8.099999999999973,137
150957,1582,20.900000000000052,247
151234,1583,21.800000000000082,277
151414,1584,9.09999999999996,180
151803,1585,32.10000000000025,389
152056,1586,21.80000000000007,253
152162,1587,8.299999999999981,106
152300,1588,11.799999999999972,138
152664,1589,33.2000000000002,364
152805,1590,8.499999999999972,141
153168,1591,26.500000000000092,363
153254,1592,2.9999999999999893,86
153418,1593,11.399999999999963,164
154348,1594,77.49999999999987,930
155148,1595,71.10000000000005,800
155513,1596,20.70000000000003,365
155649,1597,9.799999999999976,136
155979,1598,22.900000000000105,330
156195,1599,15.40000000000003,216
156297,1600,10.299999999999981,102
156366,1601,5.499999999999995,69
156827,1602,35.70000000000036,461
156930,1603,5.599999999999993,103
157261,1604,26.000000000000163,331
157400,1605,11.89999999999997,139
157879,1606,36.60000000000036,479
157980,1607,7.199999999999987,101
158047,1608,2.3000000000000025,67
158636,1609,50.300000000000445,589
158851,1610,14.699999999999985,215
159368,1611,42.50000000000037,517
159733,1612,30.300000000000185,365
159801,1613,5.999999999999993,68
160165,1614,30.20000000000016,364
160513,1615,25.300000000000168,348
161102,1616,49.70000000000047,589
162105,1617,93.1999999999989,1003
162546,1618,36.700000000000315,441
162615,1619,6.0999999999999925,69
162867,1620,21.700000000000056,252
163345,1621,44.90000000000037,478
163636,1622,25.900000000000123,291
163737,1623,7.19999999999999,101
164102,1624,32.1000000000002,365
164546,1625,35.20000000000026,444
165179,1626,53.20000000000055,633
165507,1627,20.300000000000043,328
166100,1628,48.30000000000044,593
166391,1629,28.900000000000137,291
166496,1630,5.799999999999984,105
166598,1631,7.299999999999983,102
166849,1632,25.80000000000008,251
167051,1633,14.899999999999974,202
167418,1634,31.70000000000025,367
167488,1635,4.3999999999999995,70
167854,1636,33.400000000000205,366
168332,1637,46.70000000000038,478
168436,1638,8.099999999999982,104
168504,1639,5.999999999999993,68
168572,1640,4.799999999999994,68
168711,1641,11.89999999999997,139
169301,1642,48.00000000000042,590
170230,1643,64.20000000000078,929
170710,1644,38.50000000000034,480
170841,1645,5.39999999999999,131
171394,1646,42.80000000000045,553
171497,1647,10.39999999999998,103
172393,1648,81.59999999999934,896
172645,1649,21.700000000000053,252
173072,1650,38.00000000000032,427
173122,1651,2.6999999999999993,50
173626,1652,44.50000000000036,504
173906,1653,21.500000000000078,280
174069,1654,8.899999999999965,163
174286,1655,17.299999999999997,217
174426,1656,9.599999999999971,140
174703,1657,23.600000000000087,277
174840,1658,11.69999999999997,137
175005,1659,10.299999999999963,165
175092,1660,4.29999999999999,87
175408,1661,26.60000000000018,316
175756,1662,27.100000000000158,348
176122,1663,27.40000000000019,366
176790,1664,59.400000000000595,668
177460,1665,60.8000000000006,670
177791,1666,24.800000000000146,331
177992,1667,17.799999999999997,201
178433,1668,39.100000000000314,441
179590,1669,100.19999999999848,1157
179696,1670,8.89999999999998,106
180174,1671,43.10000000000035,478
180617,1672,33.30000000000031,443
180981,1673,28.400000000000208,364
181051,1674,4.399999999999997,70
181188,1675,12.89999999999997,137
181440,1676,24.100000000000083,252
181545,1677,8.799999999999981,105
181763,1678,16.80000000000001,218
181926,1679,14.299999999999965,163
182109,1680,15.999999999999964,183
182387,1681,23.100000000000087,278
182551,1682,9.599999999999964,164
182693,1683,7.399999999999972,142
183101,1684,37.30000000000026,408
183205,1685,10.49999999999998,104
183534,1686,24.60000000000014,329
183923,1687,33.30000000000021,389
184169,1688,19.60000000000004,246
184302,1689,9.799999999999972,133
184594,1690,26.000000000000117,292
185136,1691,49.20000000000046,542
185352,1692,21.400000000000038,216
185703,1693,32.20000000000023,351
185789,1694,6.599999999999987,86
186493,1695,58.50000000000058,704
186857,1696,30.80000000000022,364
186958,1697,9.599999999999982,101
187308,1698,28.500000000000167,350
187397,1699,6.2999999999999865,89
187842,1700,40.70000000000033,445
188170,1701,23.300000000000164,328
188220,1702,1.5,50
188437,1703,14.299999999999986,217
188880,1704,43.500000000000334,443
189228,1705,23.500000000000117,348
189594,1706,31.0000000000002,366
189696,1707,6.099999999999984,102
189784,1708,4.399999999999989,88
189987,1709,19.20000000000003,203
190638,1710,48.40000000000055,651
191100,1711,40.00000000000033,462
191994,1712,84.3999999999995,894
192248,1713,18.90000000000005,254
192351,1714,4.399999999999985,103
192794,1715,41.70000000000032,443
193045,1716,19.200000000000003,251
193115,1717,3.1999999999999966,70
193368,1718,19.40000000000002,253
193890,1719,42.40000000000042,522
194218,1720,29.300000000000136,328
194453,1721,14.3,235
194592,1722,7.099999999999973,139
195373,1723,68.00000000000048,781
195538,1724,12.699999999999962,165
195790,1725,19.300000000000082,252
196495,1726,54.400000000000624,705
196592,1727,6.499999999999984,97
196730,1728,11.79999999999997,138
197160,1729,31.70000000000026,430
197490,1730,29.50000000000015,330
197969,1731,40.20000000000032,479
198021,1732,2.299999999999999,52
198500,1733,34.800000000000345,479
199205,1734,62.800000000000644,705
199537,1735,32.1000000000002,332
199642,1736,8.799999999999981,105
200031,1737,32.70000000000024,389
200831,1738,68.10000000000016,800
200932,1739,5.999999999999987,101
201114,1740,12.89999999999996,182
201173,1741,2.9999999999999964,59
201388,1742,18.30000000000001,215
201736,1743,23.500000000000124,348
201987,1744,21.000000000000075,251
202092,1745,4.599999999999987,105
203024,1746,76.4999999999998,932
203388,1747,26.000000000000195,364
203864,1748,41.70000000000034,476
204232,1749,32.400000000000226,368
204415,1750,16.59999999999997,183
204630,1751,18.299999999999994,215
204698,1752,4.799999999999997,68
205026,1753,28.700000000000152,328
205280,1754,18.30000000000003,254
205608,1755,26.3000000000001,328
205750,1756,10.39999999999997,142
205837,1757,6.699999999999987,87
206088,1758,21.000000000000092,251
206229,1759,10.29999999999997,141
206706,1760,40.00000000000034,477
206960,1761,22.50000000000005,254
207024,1762,2.600000000000003,64
207614,1763,50.40000000000049,590
208320,1764,59.30000000000058,706
209025,1765,59.20000000000064,705
209582,1766,48.00000000000043,557
209834,1767,16.90000000000002,252
210651,1768,77.89999999999979,817
211130,1769,43.80000000000039,479
211723,1770,58.500000000000526,593
212089,1771,33.40000000000022,366
212723,1772,52.70000000000053,634
213090,1773,31.700000000000216,367
214021,1774,83.59999999999938,931
214089,1775,0.6000000000000019,68
214139,1776,-0.8999999999999986,50
214506,1777,37.70000000000025,367
215059,1778,50.000000000000426,553
215311,1779,24.100000000000094,252
216059,1780,67.40000000000026,748
216424,1781,30.30000000000022,365
216813,1782,24.300000000000157,389
216935,1783,8.699999999999976,122
217211,1784,19.300000000000093,276
217424,1785,16.89999999999999,213
217717,1786,20.700000000000088,293
217822,1787,4.5999999999999845,105
218002,1788,6.699999999999962,180
218221,1789,15.699999999999985,219
218439,1790,16.800000000000004,218
219032,1791,48.900000000000524,593
219102,1792,4.9999999999999964,70
219652,1793,47.60000000000044,550
219721,1794,2.499999999999998,69
220049,1795,31.100000000000158,328
220304,1796,19.60000000000004,255
220521,1797,12.499999999999963,217
220887,1798,32.800000000000225,366
221425,1799,44.00000000000039,538
221719,1800,18.400000000000098,294
222390,1801,65.10000000000055,671
222834,1802,36.40000000000025,444
223503,1803,48.70000000000056,669
223717,1804,16.999999999999964,214
224049,1805,26.700000000000145,332
224342,1806,27.300000000000136,293
224636,1807,15.999999999999964,294
225305,1808,51.10000000000061,669
225521,1809,15.399999999999999,216
225849,1810,23.300000000000118,328
226161,1811,24.40000000000013,312
227395,1812,107.8999999999984,1234
228029,1813,53.900000000000546,634
228846,1814,65.90000000000049,817
230117,1815,109.49999999999746,1271
230446,1816,29.400000000000155,329
230627,1817,12.199999999999958,181
230810,1818,15.999999999999982,183
231064,1819,18.900000000000002,254
231395,1820,30.200000000000166,331
232028,1821,57.40000000000059,633
232360,1822,27.300000000000164,332
232801,1823,42.10000000000036,441
233921,1824,93.79999999999899,1120
234288,1825,35.90000000000023,367
235069,1826,72.80000000000008,781
235510,1827,41.500000000000306,441
235580,1828,4.399999999999997,70
235799,1829,20.50000000000005,219
236014,1830,17.699999999999992,215
236343,1831,19.799999999999997,329
237953,1832,138.29999999999606,1610
238733,1833,67.90000000000025,780
239097,1834,30.8000000000002,364
239346,1835,19.000000000000018,249
239597,1836,18.599999999999998,251
239736,1837,13.699999999999969,139
240066,1838,27.70000000000014,330
241037,1839,76.49999999999963,971
241967,1840,73.30000000000011,930
242445,1841,45.50000000000034,478
242664,1842,12.099999999999948,219
242847,1843,13.599999999999957,183
243093,1844,21.400000000000063,246
243760,1845,58.10000000000059,667
244128,1846,33.60000000000019,368
245097,1847,75.09999999999978,969
245844,1848,60.70000000000066,747
246362,1849,45.600000000000406,518
246727,1850,28.50000000000017,365
247623,1851,87.59999999999924,896
248128,1852,42.80000000000038,505
248383,1853,25.600000000000083,255
248635,1854,22.90000000000006,252
248888,1855,18.200000000000042,253
250159,1856,105.89999999999826,1271
250603,1857,34.60000000000027,444
250970,1858,29.300000000000225,367
251262,1859,24.200000000000134,292
251557,1860,29.30000000000016,295
251924,1861,34.70000000000023,367
252368,1862,31.000000000000213,444
253038,1863,48.200000000000585,670
253709,1864,52.50000000000058,671
255056,1865,116.49999999999747,1347
255422,1866,31.60000000000023,366
255492,1867,3.8,70
255784,1868,24.800000000000114,292
256096,1869,31.000000000000178,312
256598,1870,44.900000000000404,502
257075,1871,44.20000000000037,477
257707,1872,53.70000000000055,632
258186,1873,45.00000000000037,479
258401,1874,15.899999999999952,215
259524,1875,89.89999999999858,1123
259855,1876,29.000000000000174,331
260107,1877,18.7,252
260586,1878,36.60000000000032,479
260728,1879,13.999999999999968,142
261076,1880,27.100000000000158,348
262276,1881,114.99999999999794,1200
262588,1882,20.20000000000011,312
263372,1883,55.70000000000069,784
263439,1884,4.699999999999998,67
264448,1885,93.79999999999899,1009
264701,1886,18.200000000000045,253
264882,1887,12.199999999999966,181
266116,1888,103.0999999999982,1234
266464,1889,27.70000000000021,348
267622,1890,81.69999999999987,1158
268406,1891,61.100000000000726,784
268625,1892,15.699999999999985,219
268939,1893,25.80000000000012,314
269460,1894,45.30000000000039,521
269905,1895,37.10000000000031,445
270459,1896,51.300000000000445,554
270826,1897,34.70000000000022,367
271156,1898,24.70000000000011,330
271860,1899,59.700000000000635,704
272982,1900,99.99999999999847,1122
273633,1901,58.00000000000058,651
273848,1902,19.50000000000001,215
274214,1903,31.000000000000163,366
274654,1904,39.60000000000029,440
274724,1905,3.7999999999999936,70
275149,1906,37.200000000000266,425
275930,1907,69.2000000000002,781
276298,1908,29.400000000000148,368
276513,1909,18.300000000000004,215
276954,1910,39.700000000000315,441
277432,1911,43.10000000000035,478
277744,1912,21.40000000000005,312
277963,1913,19.300000000000015,219
278294,1914,30.200000000000166,331
278624,1915,24.100000000000097,330
279633,1916,70.40000000000033,1009
280530,1917,75.69999999999976,897
280896,1918,32.800000000000225,366
281244,1919,25.90000000000017,348
281310,1920,4.599999999999999,66
281790,1921,40.30000000000037,480
282631,1922,64.70000000000022,841
282884,1923,21.200000000000056,253
283101,1924,14.299999999999965,217
284168,1925,89.69999999999902,1067
284498,1926,25.900000000000137,330
284604,1927,6.499999999999982,106
285350,1928,60.6000000000007,746
285420,1929,3.799999999999997,70
285583,1930,13.699999999999962,163
285765,1931,14.699999999999958,182
286018,1932,21.200000000000053,253
286497,1933,42.000000000000384,479
286591,1934,5.599999999999987,94
286677,1935,2.3999999999999924,86
287216,1936,48.30000000000043,539
288036,1937,77.59999999999972,820
288687,1938,56.20000000000052,651
290260,1939,143.29999999999615,1573
291269,1940,84.79999999999913,1009
291319,1941,-0.8999999999999986,50
291764,1942,41.90000000000033,445
292831,1943,90.89999999999895,1067
293014,1944,16.599999999999966,183
293458,1945,42.40000000000033,444
293564,1946,7.099999999999982,106
293632,1947,4.799999999999997,68
293923,1948,19.900000000000045,291
294122,1949,14.600000000000016,199
294303,1950,18.199999999999992,181
294651,1951,25.90000000000017,348
294832,1952,12.799999999999958,181
295598,1953,65.00000000000048,766
295987,1954,30.90000000000021,389
296355,1955,32.400000000000205,368
296572,1956,19.100000000000033,217
296848,1957,19.90000000000006,276
296970,1958,3.8999999999999826,122
297698,1959,63.90000000000049,728
297768,1960,3.1999999999999993,70
298229,1961,36.900000000000304,461
298392,1962,10.099999999999964,163
298946,1963,49.50000000000043,554
299048,1964,8.499999999999982,102
300094,1965,94.1999999999987,1046
300709,1966,52.30000000000047,615
300815,1967,10.09999999999998,106
301070,1968,16.599999999999977,255
301402,1969,25.500000000000092,332
301508,1970,5.899999999999983,106
302046,1971,38.60000000000042,538
302149,1972,6.199999999999985,103
302214,1973,3.2999999999999954,65
302468,1974,21.300000000000058,254
302988,1975,44.00000000000042,520
303379,1976,30.500000000000227,391
303559,1977,15.099999999999955,180
303814,1978,20.200000000000077,255
304447,1979,58.00000000000054,633
304588,1980,9.699999999999973,141
304900,1981,25.600000000000147,312
305116,1982,19.000000000000043,216
305392,1983,22.300000000000118,276
305863,1984,36.700000000000344,471
306191,1985,32.9000000000002,328
306519,1986,28.700000000000134,328
307000,1987,47.600000000000385,481
307332,1988,27.90000000000015,332
308785,1989,117.49999999999682,1453
309193,1990,39.70000000000027,408
309844,1991,57.40000000000058,651
310402,1992,46.300000000000445,558
311297,1993,78.49999999999983,895
312609,1994,103.69999999999797,1312
313280,1995,54.3000000000006,671
313873,1996,50.70000000000048,593
314641,1997,65.20000000000043,768
314931,1998,24.000000000000064,290
316958,1999,197.6999999999934,2027
317629,2000,65.70000000000029,671
317884,2001,19.60000000000004,255
318701,2002,79.0999999999998,817
319222,2003,41.700000000000415,521
319290,2004,5.999999999999993,68
319960,2005,49.40000000000057,670
320517,2006,46.20000000000046,557
320925,2007,34.90000000000024,408
321178,2008,19.400000000000052,253
321282,2009,7.499999999999984,104
321388,2010,9.499999999999984,106
323074,2011,133.89999999999628,1686
323273,2012,11.599999999999962,199
323378,2013,7.599999999999982,105
323448,2014,4.9999999999999964,70
324986,2015,132.2999999999962,1538
325508,2016,48.40000000000041,522
326178,2017,61.400000000000624,670
326510,2018,29.70000000000015,332
327139,2019,60.6000000000006,629
327731,2020,51.20000000000049,592
328515,2021,66.50000000000048,784
329147,2022,58.50000000000056,632
329440,2023,27.300000000000136,293
329623,2024,15.999999999999968,183
330180,2025,54.60000000000046,557
330286,2026,7.6999999999999815,106
330808,2027,38.80000000000037,522
330914,2028,8.299999999999983,106
331020,2029,10.09999999999998,106
331275,2030,25.6000000000001,255
332735,2031,138.89999999999634,1460
333029,2032,22.600000000000097,294
333097,2033,5.399999999999994,68
333732,2034,58.800000000000566,635
333782,2035,-4.499999999999998,50
335278,2036,131.39999999999654,1496
335800,2037,47.80000000000038,522
335888,2038,4.999999999999988,88
336708,2039,72.2000000000001,820
336776,2040,4.799999999999997,68
337447,2041,54.90000000000056,671
337516,2042,4.899999999999997,69
337882,2043,31.000000000000206,366
337950,2044,4.799999999999997,68
338811,2045,80.19999999999968,861
339256,2046,39.50000000000027,445
339357,2047,8.999999999999982,101
339427,2048,4.9999999999999964,70
340322,2049,83.29999999999947,895
340372,2050,-2.699999999999998,50
340422,2051,-5.099999999999998,50
340527,2052,5.7999999999999865,105
340857,2053,27.100000000000115,330
340907,2054,-0.8999999999999986,50
340975,2055,4.799999999999997,68
341025,2056,-0.8999999999999986,50
341075,2057,-7.499999999999998,50
341125,2058,-2.099999999999998,50
341267,2059,12.799999999999969,142
341747,2060,46.300000000000374,480
341807,2061,3.6999999999999957,60
341857,2062,-6.299999999999999,50
341943,2063,7.199999999999987,86
342464,2064,44.10000000000041,521
342514,2065,-4.499999999999998,50
342959,2066,41.30000000000033,445
343065,2067,10.09999999999998,106
343115,2068,-5.099999999999998,50
343184,2069,4.899999999999997,69
343686,2070,40.70000000000036,502
344130,2071,33.4000000000002,444
344199,2072,2.499999999999998,69
344644,2073,32.30000000000027,445
345617,2074,87.49999999999918,973
346401,2075,68.9000000000002,784
346543,2076,9.799999999999972,142
347362,2077,70.89999999999992,819
347614,2078,19.90000000000002,252
347755,2079,10.299999999999972,141
348122,2080,35.30000000000022,367
348583,2081,39.30000000000033,461
350307,2082,154.79999999999532,1724
352334,2083,176.6999999999942,2027
352438,2084,5.699999999999983,104
354121,2085,144.39999999999597,1683
354756,2086,50.40000000000054,635
354935,2087,16.79999999999997,179
355075,2088,6.59999999999998,140
356684,2089,138.19999999999575,1609
357165,2090,47.00000000000037,481
357304,2091,11.89999999999997,139
357634,2092,22.900000000000116,330
357703,2093,2.499999999999998,69
357956,2094,18.80000000000007,253
358138,2095,12.899999999999967,182
358392,2096,20.700000000000056,254
358986,2097,52.00000000000045,594
359543,2098,42.60000000000043,557
359613,2099,4.9999999999999964,70
359699,2100,2.9999999999999902,86
359952,2101,21.80000000000007,253
360134,2102,12.299999999999958,182
360389,2103,21.400000000000045,255
362452,2104,178.79999999999367,2063
362783,2105,27.800000000000157,331
364245,2106,128.89999999999674,1462
365517,2107,116.79999999999774,1272
368220,2108,245.49999999999017,2703
368627,2109,38.40000000000027,407
368696,2110,4.899999999999997,69
369018,2111,28.400000000000166,322
369123,2112,6.399999999999983,105
369229,2113,7.6999999999999815,106
370048,2114,70.90000000000009,819
370231,2115,10.599999999999962,183
370411,2116,11.499999999999963,180
371343,2117,72.29999999999998,932
371449,2118,4.099999999999984,106
371815,2119,30.400000000000198,366
372181,2120,34.60000000000023,366
372928,2121,71.50000000000014,747
373522,2122,53.800000000000516,594
374115,2123,50.10000000000053,593
376103,2124,184.4999999999939,1988
376209,2125,8.299999999999986,106
376408,2126,14.59999999999997,199
377228,2127,75.79999999999988,820
378387,2128,105.19999999999825,1159
378941,2129,41.70000000000038,554
379159,2130,16.799999999999972,218
379209,2131,-0.8999999999999986,50
379392,2132,18.400000000000006,183
379442,2133,-0.8999999999999986,50
379492,2134,-0.8999999999999986,50
379597,2135,5.199999999999986,105
380795,2136,99.19999999999831,1198
381162,2137,30.500000000000203,367
382170,2138,85.29999999999947,1008
382312,2139,11.599999999999973,142
382381,2140,3.699999999999995,69
382824,2141,38.100000000000286,443
384004,2142,97.09999999999862,1180
384788,2143,77.29999999999987,784
385458,2144,47.60000000000054,670
385600,2145,12.799999999999969,142
385853,2146,18.2,253
386036,2147,12.399999999999958,183
386122,2148,2.3999999999999924,86
386453,2149,23.00000000000013,331
386821,2150,33.00000000000022,368
387076,2151,17.800000000000004,255
387217,2152,10.899999999999972,141
387267,2153,-0.8999999999999986,50
388226,2154,80.39999999999932,959
388707,2155,36.80000000000035,481
388926,2156,18.700000000000017,219
392083,2157,280.0999999999949,3157
392133,2158,-5.099999999999998,50
392202,2159,6.0999999999999925,69
392269,2160,4.699999999999998,67
392319,2161,-6.899999999999999,50
392369,2162,-6.899999999999999,50
392419,2163,-8.7,50
392469,2164,-8.7,50
392519,2165,-8.099999999999998,50
392569,2166,-8.7,50
392619,2167,-7.499999999999998,50
392669,2168,-7.499999999999998,50
392719,2169,-8.7,50
392769,2170,-9.299999999999999,50
392819,2171,-8.099999999999998,50
392869,2172,-8.099999999999998,50
392919,2173,-8.099999999999998,50
392969,2174,-8.099999999999998,50
393019,2175,-8.099999999999998,50
393069,2176,-7.499999999999998,50
393119,2177,-8.099999999999998,50
393169,2178,-8.7,50
393219,2179,-8.7,50
393269,2180,-7.499999999999998,50
393319,2181,-7.499999999999998,50
393369,2182,-8.7,50
393419,2183,-8.099999999999998,50
393469,2184,-8.7,50
393519,2185,-8.099999999999998,50
393569,2186,-6.299999999999999,50
393619,2187,-9.299999999999999,50
393669,2188,-9.299999999999999,50
393719,2189,-8.7,50
393769,2190,-9.299999999999999,50
393819,2191,-8.099999999999998,50
393869,2192,-8.099999999999998,50
393919,2193,-7.499999999999998,50
393969,2194,-9.299999999999999,50
394019,2195,-8.7,50
394069,2196,-8.7,50
394119,2197,-8.099999999999998,50
394169,2198,-9.299999999999999,50
394219,2199,-8.7,50
394269,2200,-6.299999999999999,50
394319,2201,-8.7,50
394369,2202,-7.499999999999998,50
394511,2203,11.59999999999997,142
394561,2204,-6.899999999999999,50
394611,2205,-8.7,50
394661,2206,-6.899999999999999,50
394711,2207,-8.099999999999998,50
394761,2208,-8.099999999999998,50
394811,2209,-6.899999999999999,50
394861,2210,-8.099999999999998,50
394911,2211,-7.499999999999998,50
394961,2212,-8.7,50
395011,2213,-9.299999999999999,50
395061,2214,-8.7,50
395768,2215,59.40000000000064,707
395818,2216,-8.099999999999998,50
396487,2217,48.70000000000042,669
396537,2218,-7.499999999999998,50
396587,2219,-6.899999999999999,50
396637,2220,-6.299999999999999,50
396687,2221,-3.899999999999998,50
396737,2222,-8.099999999999998,50
396787,2223,-8.099999999999998,50
396837,2224,-8.099999999999998,50
396887,2225,-3.899999999999998,50
396937,2226,-8.7,50
396987,2227,-8.099999999999998,50
397037,2228,-8.099999999999998,50
397482,2229,37.700000000000244,445
397532,2230,-7.499999999999998,50
397941,2231,21.80000000000004,409
397991,2232,-6.899999999999999,50
398096,2233,4.599999999999999,105
398146,2234,-6.299999999999999,50
398196,2235,-7.499999999999998,50
398246,2236,-8.099999999999998,50
398296,2237,-8.7,50
398346,2238,-8.7,50
398450,2239,6.899999999999986,104
398500,2240,-8.7,50
398550,2241,-7.499999999999998,50
398600,2242,-7.499999999999998,50
398931,2243,29.00000000000016,331
398981,2244,-8.7,50
399031,2245,-8.099999999999998,50
399081,2246,-8.099999999999998,50
399131,2247,-8.099999999999998,50
399181,2248,-7.499999999999998,50
399231,2249,-0.8999999999999986,50
399281,2250,-7.499999999999998,50
400101,2251,66.80000000000027,820
400151,2252,-7.499999999999998,50
400858,2253,56.40000000000049,707
400908,2254,-7.499999999999998,50
400958,2255,-8.099999999999998,50
401028,2256,6.199999999999992,70
401078,2257,-8.099999999999998,50
401128,2258,-6.899999999999999,50
401178,2259,-8.099999999999998,50
401509,2260,23.60000000000008,331
401577,2261,4.799999999999997,68
401627,2262,-8.099999999999998,50
401677,2263,-7.499999999999998,50
401727,2264,-8.7,50
401777,2265,-8.099999999999998,50
401827,2266,-6.899999999999999,50
401894,2267,5.899999999999993,67
402714,2268,76.39999999999993,820
402764,2269,-7.499999999999998,50
402814,2270,-8.7,50
402864,2271,-8.099999999999998,50
402914,2272,-8.7,50
402964,2273,-8.099999999999998,50
403861,2274,81.69999999999963,897
405061,2275,100.5999999999983,1200
405111,2276,-6.299999999999999,50
405161,2277,-6.899999999999999,50
405338,2278,13.599999999999959,177
405388,2279,-6.899999999999999,50
405438,2280,-3.299999999999998,50
405488,2281,-6.899999999999999,50
407097,2282,138.19999999999607,1609
407167,2283,6.199999999999992,70
407951,2284,68.30000000000037,784
410430,2285,203.8999999999916,2479
410572,2286,7.399999999999974,142
411146,2287,45.50000000000047,574
412718,2288,140.79999999999626,1572
413197,2289,46.200000000000394,479
414206,2290,91.99999999999883,1009
414728,2291,43.6000000000004,522
416153,2292,124.2999999999967,1425
416860,2293,52.80000000000059,707
416928,2294,4.799999999999997,68
416996,2295,1.799999999999998,68
419397,2296,215.29999999999202,2401
419537,2297,9.599999999999973,140
420284,2298,64.30000000000044,747
421875,2299,141.49999999999588,1591
422808,2300,81.99999999999946,933
422990,2301,14.699999999999957,182
423774,2302,64.10000000000048,784
425009,2303,97.79999999999758,1235
425826,2304,67.10000000000035,817
425894,2305,4.1999999999999975,68
428563,2306,241.19999999999044,2669
428630,2307,5.899999999999993,67
429187,2308,46.80000000000048,557
429292,2309,4.599999999999984,105
429342,2310,-6.899999999999999,50
429484,2311,11.599999999999971,142
429929,2312,29.90000000000029,445
430450,2313,39.90000000000039,521
431948,2314,142.39999999999625,1498
431998,2315,-4.499999999999998,50
432104,2316,7.099999999999982,106
432154,2317,-6.299999999999999,50
432260,2318,8.299999999999985,106
432782,2319,46.600000000000406,522
433828,2320,95.99999999999886,1046
433896,2321,5.999999999999993,68
434115,2322,18.700000000000035,219
434183,2323,5.999999999999993,68
434248,2324,5.699999999999994,65
434841,2325,52.5000000000005,593
434946,2326,7.599999999999985,105
436860,2327,178.89999999999407,1914
436965,2328,8.199999999999983,105
437035,2329,4.9999999999999964,70
437515,2330,37.3000000000003,480
437883,2331,27.000000000000114,368
437969,2332,2.9999999999999893,86
438039,2333,3.7999999999999945,70
438674,2334,61.20000000000061,635
439136,2335,42.40000000000037,462
439544,2336,38.50000000000028,408
439873,2337,28.800000000000136,329
440538,2338,55.50000000000063,665
441096,2339,39.700000000000415,558
443497,2340,206.2999999999915,2401
443565,2341,6.5999999999999925,68
444313,2342,60.20000000000067,748
444758,2343,40.70000000000033,445
445392,2344,56.9000000000005,634
445514,2345,11.099999999999975,122
446107,2346,42.30000000000048,593
447680,2347,128.8999999999962,1573
447748,2348,5.999999999999993,68
448192,2349,40.60000000000029,444
448940,2350,65.00000000000057,748
449194,2351,20.10000000000004,254
450202,2352,88.89999999999914,1008
452419,2353,202.59999999999272,2217
454297,2354,171.99999999999437,1878
454701,2355,38.70000000000028,404
454768,2356,4.699999999999998,67
455097,2357,25.80000000000014,329
456164,2358,94.4999999999987,1067
457138,2359,83.99999999999964,974
459374,2360,208.69999999999237,2236
459442,2361,4.799999999999997,68
459548,2362,8.89999999999998,106
459598,2363,-6.899999999999999,50
459648,2364,-8.099999999999998,50
459752,2365,10.49999999999998,104
459802,2366,-8.099999999999998,50
459871,2367,6.0999999999999925,69
459941,2368,6.199999999999992,70
459991,2369,-7.499999999999998,50
460041,2370,-7.499999999999998,50
460937,2371,76.79999999999964,896
460987,2372,-6.899999999999999,50
461769,2373,66.30000000000031,782
463001,2374,120.29999999999742,1232
463255,2375,20.700000000000024,254
463305,2376,-6.899999999999999,50
463750,2377,35.90000000000024,445
464195,2378,41.90000000000033,445
464413,2379,16.800000000000008,218
464894,2380,46.400000000000375,481
466165,2381,113.69999999999769,1271
467399,2382,95.89999999999864,1234
467731,2383,32.700000000000166,332
468175,2384,44.20000000000033,444
469107,2385,81.8999999999995,932
469157,2386,-0.8999999999999986,50
469939,2387,68.7000000000002,782
470235,2388,28.200000000000152,296
470757,2389,42.40000000000041,522
471125,2390,36.60000000000023,368
471211,2391,2.9999999999999902,86
471466,2392,27.400000000000112,255
472133,2393,63.5000000000006,667
472915,2394,68.10000000000038,782
473358,2395,40.500000000000306,443
477526,2396,380.3000000000201,4168
480193,2397,215.79999999999083,2667
480863,2398,56.60000000000054,670
480913,2399,-5.699999999999998,50
481018,2400,8.199999999999985,105
481068,2401,-6.899999999999999,50
481703,2402,55.20000000000054,635
481753,2403,-9.299999999999999,50
482346,2404,53.70000000000049,593
482396,2405,-8.099999999999998,50
482805,2406,38.6000000000003,409
483172,2407,29.300000000000143,367
483276,2408,0.2999999999999934,104
483346,2409,4.9999999999999964,70
483396,2410,-7.499999999999998,50
483446,2411,-4.499999999999998,50
483778,2412,30.900000000000162,332
483828,2413,-8.7,50
486383,2414,233.09999999999087,2555
486904,2415,49.50000000000041,521
486972,2416,4.799999999999997,68
487022,2417,-0.8999999999999986,50
488068,2418,91.79999999999885,1046
488138,2419,4.9999999999999964,70
488188,2420,-7.499999999999998,50
488238,2421,-8.099999999999998,50
488569,2422,28.400000000000173,331
488638,2423,6.0999999999999925,69
488706,2424,4.799999999999997,68
489151,2425,43.700000000000315,445
489255,2426,7.499999999999988,104
489351,2427,7.599999999999984,96
489421,2428,4.9999999999999964,70
489471,2429,-4.499999999999998,50
489577,2430,5.299999999999983,106
489680,2431,4.999999999999988,103
490008,2432,28.700000000000156,328
493653,2433,343.60000000000935,3645
495982,2434,223.69999999999177,2329
497780,2435,159.19999999999476,1798
498374,2436,55.00000000000052,594
498816,2437,34.40000000000027,442
499859,2438,90.89999999999893,1043
501624,2439,162.19999999999467,1765
502069,2440,37.70000000000031,445
504921,2441,251.99999999998957,2852
505931,2442,86.09999999999934,1010
506186,2443,24.400000000000066,255
506631,2444,37.7000000000003,445
506735,2445,4.5,104
507406,2446,63.300000000000466,671
507851,2447,43.100000000000335,445
508199,2448,21.10000000000011,348
509923,2449,157.19999999999513,1724
510687,2450,68.40000000000008,764
513279,2451,231.09999999999062,2592
515383,2452,191.5999999999931,2104
515452,2453,4.899999999999997,69
516539,2454,91.3999999999989,1087
516641,2455,1.899999999999987,102
516711,2456,3.7999999999999936,70
519529,2457,254.29999999998955,2818
519670,2458,10.899999999999972,141
520192,2459,43.600000000000314,522
520296,2460,7.499999999999988,104
522323,2461,184.49999999999335,2027
524314,2462,179.99999999999386,1991
526037,2463,152.2999999999954,1723
526820,2464,71.20000000000019,783
527264,2465,34.60000000000024,444
527445,2466,15.199999999999964,181
527514,2467,6.0999999999999925,69
528185,2468,61.50000000000064,671
528622,2469,31.20000000000016,437
528688,2470,5.199999999999996,66
528738,2471,-3.899999999999998,50
528788,2472,-7.499999999999998,50
529834,2473,89.39999999999888,1046
530130,2474,21.600000000000065,296
530683,2475,56.60000000000051,553
530899,2476,19.600000000000016,216
531041,2477,13.399999999999968,142
532352,2478,114.39999999999783,1311
532418,2479,4.599999999999999,66
532523,2480,5.799999999999985,105
533980,2481,117.5999999999976,1457
535026,2482,100.19999999999877,1046
536375,2483,112.49999999999746,1349
540321,2484,376.7000000000183,3946
542459,2485,185.6999999999933,2138
542601,2486,13.399999999999968,142
544870,2487,196.099999999993,2269
544938,2488,4.799999999999997,68
546059,2489,103.49999999999832,1121
546615,2490,50.30000000000042,556
547284,2491,58.30000000000061,669
547502,2492,19.800000000000047,218
547644,2493,12.799999999999969,142
547786,2494,9.79999999999997,142
548700,2495,78.59999999999955,914
550916,2496,195.2999999999925,2216
551135,2497,18.700000000000003,219
551690,2498,56.8000000000005,555
551795,2499,6.999999999999986,105
552237,2500,36.800000000000345,442
554716,2501,226.0999999999915,2479
554786,2502,1.9999999999999987,70
555115,2503,33.6000000000002,329
555898,2504,60.40000000000065,783
556153,2505,19.00000000000005,255
556521,2506,32.400000000000205,368
557341,2507,71.00000000000007,820
557445,2508,7.499999999999982,104
557549,2509,8.699999999999982,104
558539,2510,84.99999999999888,990
559210,2511,57.900000000000574,671
560897,2512,151.39999999999566,1687
561151,2513,21.30000000000008,254
561256,2514,6.999999999999982,105
561324,2515,5.999999999999993,68
562221,2516,81.69999999999949,897
562552,2517,25.40000000000013,331
562806,2518,19.500000000000053,254
563251,2519,29.900000000000283,445
563321,2520,4.9999999999999964,70
563371,2521,-3.899999999999998,50
564154,2522,69.39999999999996,783
565031,2523,81.19999999999935,877
565779,2524,64.40000000000045,748
566447,2525,65.40000000000047,668
566516,2526,4.899999999999997,69
566638,2527,6.899999999999977,122
567761,2528,107.29999999999814,1123
568920,2529,92.59999999999852,1159
568989,2530,4.899999999999997,69
569922,2531,70.6,933
573228,2532,296.2000000000011,3306
573411,2533,11.199999999999958,183
573552,2534,14.499999999999968,141
573693,2535,12.699999999999969,141
576058,2536,200.5999999999924,2365
576501,2537,44.700000000000365,443
576571,2538,6.199999999999992,70
577129,2539,47.50000000000045,558
580135,2540,274.59999999999525,3006
581446,2541,126.9999999999971,1311
581568,2542,6.899999999999977,122
581638,2543,4.999999999999993,70
581740,2544,6.699999999999987,102
582427,2545,51.100000000000605,687
582569,2546,6.799999999999976,142
583050,2547,48.2000000000004,481
583153,2548,9.199999999999982,103
584353,2549,104.19999999999803,1200
584571,2550,21.60000000000004,218
584897,2551,31.500000000000192,326
585286,2552,30.300000000000225,389
585694,2553,39.1000000000003,408
588363,2554,239.9999999999904,2669
588920,2555,54.00000000000048,557
590721,2556,160.69999999999496,1801
590771,2557,-0.8999999999999986,50
591406,2558,61.20000000000061,635
591511,2559,8.799999999999983,105
591617,2560,8.89999999999998,106
591667,2561,-6.299999999999999,50
591771,2562,7.499999999999982,104
591821,2563,-7.499999999999998,50
591926,2564,6.999999999999982,105
592294,2565,28.8000000000002,368
592868,2566,50.300000000000495,574
594181,2567,113.99999999999791,1313
594284,2568,9.199999999999982,103
595181,2569,84.69999999999922,897
595249,2570,4.199999999999999,68
595807,2571,55.90000000000051,558
595990,2572,14.199999999999957,183
596245,2573,22.600000000000076,255
596351,2574,6.499999999999989,106
598377,2575,186.1999999999941,2026
600516,2576,191.19999999999308,2139
602091,2577,124.29999999999676,1575
602141,2578,-5.699999999999998,50
602191,2579,-5.699999999999998,50
603052,2580,73.59999999999988,861
604401,2581,122.699999999997,1349
605334,2582,80.1999999999996,933
605403,2583,4.899999999999997,69
605505,2584,4.899999999999997,102
606514,2585,78.79999999999957,1009
607524,2586,92.099999999999,1010
609664,2587,187.69999999999354,2140
610709,2588,92.89999999999849,1045
611437,2589,68.70000000000013,728
611656,2590,18.700000000000035,219
612323,2591,59.9000000000006,667
612445,2592,7.499999999999977,122
613604,2593,109.39999999999816,1159
613972,2594,35.40000000000022,368
614433,2595,32.1000000000003,461
614990,2596,41.40000000000038,557
615338,2597,25.900000000000194,348
615670,2598,27.30000000000011,332
615775,2599,6.399999999999983,105
617878,2600,198.69999999999288,2103
619679,2601,155.2999999999955,1801
619785,2602,7.6999999999999815,106
623054,2603,306.00000000000074,3269
623124,2604,4.9999999999999964,70
624281,2605,97.79999999999819,1157
625194,2606,70.10000000000008,913
625264,2607,6.199999999999992,70
626125,2608,79.59999999999975,861
626719,2609,56.20000000000053,594
627466,2610,62.50000000000065,747
627571,2611,9.39999999999998,105
628694,2612,107.29999999999835,1123
629173,2613,35.40000000000031,479
629731,2614,37.900000000000425,558
630366,2615,57.000000000000576,635
630472,2616,3.5000000000000036,106
632140,2617,137.19999999999587,1668
632733,2618,49.50000000000049,593
633723,2619,87.399999999999,990
634244,2620,47.100000000000406,521
634350,2621,7.6999999999999815,106
634513,2622,11.299999999999969,163
634768,2623,22.000000000000075,255
634874,2624,8.89999999999998,106
637353,2625,235.69999999999104,2479
639190,2626,176.59999999999448,1837
639805,2627,52.90000000000052,615
640059,2628,22.500000000000092,254
640729,2629,53.600000000000605,670
641284,2630,53.200000000000486,555
641385,2631,7.7999999999999865,101
642431,2632,96.59999999999846,1046
643970,2633,126.99999999999639,1539
645281,2634,124.59999999999727,1311
645718,2635,30.600000000000207,437
648381,2636,225.59999999999152,2663
648451,2637,4.9999999999999964,70
648932,2638,36.20000000000031,481
650842,2639,183.29999999999401,1910
651739,2640,76.29999999999976,897
652521,2641,69.30000000000044,782
653414,2642,89.69999999999919,893
655780,2643,218.09999999999226,2366
657277,2644,139.29999999999623,1497
660624,2645,316.80000000000433,3347
662143,2646,140.29999999999626,1519
663189,2647,92.99999999999879,1046
663614,2648,36.00000000000028,425
664397,2649,65.20000000000043,783
665514,2650,106.09999999999818,1117
666072,2651,46.900000000000446,558
666367,2652,22.70000000000012,295
666734,2653,34.10000000000022,367
666784,2654,-6.899999999999999,50
668282,2655,135.79999999999623,1498
670413,2656,191.89999999999316,2131
671160,2657,61.900000000000595,747
671414,2658,23.100000000000083,254
671483,2659,4.899999999999997,69
671553,2660,4.9999999999999964,70
671621,2661,4.799999999999997,68
672289,2662,51.60000000000049,668
673524,2663,103.79999999999862,1235
673705,2664,16.999999999999982,181
674340,2665,58.800000000000566,635
675273,2666,88.59999999999921,933
675980,2667,61.80000000000068,707
676084,2668,9.299999999999981,104
676224,2669,1.799999999999998,140
676287,2670,5.499999999999995,63
677973,2671,150.69999999999555,1686
679019,2672,89.39999999999932,1046
680368,2673,131.099999999997,1349
680541,2674,13.499999999999963,173
680611,2675,3.7999999999999936,70
680750,2676,9.499999999999975,139
680969,2677,13.899999999999947,219
681717,2678,69.80000000000011,748
683365,2679,151.9999999999955,1648
683470,2680,9.399999999999983,105
683576,2681,6.499999999999984,106
683828,2682,16.299999999999947,252
684237,2683,27.200000000000244,409
684908,2684,59.7000000000006,671
686334,2685,134.5999999999968,1426
686811,2686,37.60000000000033,477
687441,2687,51.100000000000456,630
687694,2688,22.400000000000063,253
688622,2689,84.49999999999943,928
689627,2690,99.39999999999858,1005
689844,2691,17.90000000000001,217
692000,2692,188.69999999999317,2156
692182,2693,13.499999999999966,182
692926,2694,70.6000000000002,744
693672,2695,63.60000000000046,746
695735,2696,182.39999999999353,2063
696742,2697,92.39999999999894,1007
696843,2698,9.599999999999982,101
697550,2699,64.8000000000006,707
697600,2700,-6.299999999999999,50
699400,2701,162.39999999999512,1800
700217,2702,71.30000000000021,817
700549,2703,23.70000000000015,332
700768,2704,7.299999999999953,219
701136,2705,25.200000000000184,368
702408,2706,114.39999999999787,1272
702739,2707,26.00000000000015,331
702804,2708,5.099999999999997,65
705844,2709,265.6999999999912,3040
707306,2710,140.89999999999685,1462
708238,2711,86.69999999999949,932
709022,2712,77.29999999999976,784
709838,2713,73.60000000000008,816
709905,2714,4.699999999999998,67
710498,2715,57.300000000000544,593
710780,2716,21.700000000000088,282
714727,2717,355.8000000000127,3947
715622,2718,79.69999999999969,895
717761,2719,190.5999999999933,2139
719371,2720,133.49999999999622,1610
720284,2721,75.49999999999943,913
722310,2722,186.19999999999357,2026
722360,2723,-7.499999999999998,50
722804,2724,41.20000000000031,444
722854,2725,-8.099999999999998,50
725861,2726,257.8999999999913,3007
725911,2727,-5.699999999999998,50
725961,2728,-5.699999999999998,50
726011,2729,-8.099999999999998,50
726081,2730,6.199999999999992,70
726857,2731,74.39999999999998,776
726907,2732,-6.299999999999999,50
726976,2733,4.899999999999997,69
727046,2734,3.799999999999997,70
727096,2735,-8.099999999999998,50
727146,2736,-4.499999999999998,50
727215,2737,6.0999999999999925,69
727265,2738,-8.099999999999998,50
727746,2739,41.600000000000364,481
727796,2740,-7.499999999999998,50
727846,2741,-7.499999999999998,50
728178,2742,25.500000000000128,332
728228,2743,-8.7,50
728278,2744,-8.7,50
728348,2745,6.199999999999992,70
728453,2746,6.399999999999985,105
728503,2747,-8.099999999999998,50
728572,2748,6.0999999999999925,69
728637,2749,5.699999999999994,65
730662,2750,189.0999999999934,2025
734871,2751,378.10000000001787,4209
735126,2752,20.200000000000053,255
735176,2753,-7.499999999999998,50
735226,2754,-0.8999999999999986,50
735332,2755,8.299999999999983,106
736942,2756,126.29999999999636,1610
737762,2757,60.200000000000664,820
738129,2758,25.100000000000094,367
738723,2759,43.000000000000426,594
738793,2760,4.9999999999999964,70
742305,2761,320.10000000000434,3512
742355,2762,-6.899999999999999,50
742405,2763,-0.8999999999999986,50
742455,2764,-6.299999999999999,50
743352,2765,79.89999999999972,897
743402,2766,-7.499999999999998,50
743582,2767,14.49999999999996,180
743632,2768,-6.899999999999999,50
743697,2769,5.099999999999997,65
744820,2770,103.69999999999843,1123
744870,2771,-8.099999999999998,50
747765,2772,246.9999999999895,2895
748659,2773,66.40000000000047,894
748726,2774,5.299999999999995,67
749248,2775,41.200000000000344,522
751158,2776,176.09999999999445,1910
751486,2777,29.900000000000173,328
753702,2778,196.49999999999284,2216
753752,2779,-6.299999999999999,50
753802,2780,-7.499999999999998,50
755038,2781,110.49999999999788,1236
755088,2782,-8.7,50
755138,2783,-5.699999999999998,50
755239,2784,8.999999999999982,101
755289,2785,-2.099999999999998,50
755542,2786,24.200000000000088,253
755592,2787,-8.099999999999998,50
755642,2788,-8.7,50
756349,2789,61.80000000000065,707
756399,2790,-6.299999999999999,50
756449,2791,-8.099999999999998,50
756499,2792,-8.7,50
756549,2793,-8.099999999999998,50
756690,2794,10.899999999999972,141
756740,2795,-8.099999999999998,50
756790,2796,-5.099999999999998,50
757460,2797,56.60000000000059,670
757510,2798,-1.4999999999999982,50
757560,2799,-4.499999999999998,50
758228,2800,59.400000000000595,668
760219,2801,188.99999999999338,1991
761487,2802,113.39999999999776,1268
761703,2803,14.19999999999995,216
762408,2804,62.800000000000686,705
764129,2805,150.89999999999517,1721
764346,2806,19.100000000000026,217
764676,2807,31.300000000000182,330
765568,2808,88.3999999999992,892
766691,2809,97.09999999999866,1123
768412,2810,159.2999999999956,1721
770098,2811,117.69999999999706,1686
772540,2812,217.29999999999134,2442
773175,2813,57.60000000000059,635
773225,2814,-6.299999999999999,50
773860,2815,56.40000000000054,635
773910,2816,-7.499999999999998,50
775033,2817,106.69999999999806,1123
775137,2818,3.8999999999999897,104
776337,2819,86.79999999999882,1200
776478,2820,11.49999999999997,141
777601,2821,95.89999999999861,1123
778514,2822,76.6999999999996,913
779295,2823,69.8000000000003,781
779364,2824,4.899999999999997,69
782331,2825,261.9999999999924,2967
782436,2826,8.799999999999981,105
783708,2827,101.79999999999802,1272
783758,2828,-6.299999999999999,50
784732,2829,88.19999999999928,974
784802,2830,6.199999999999993,70
785021,2831,13.899999999999947,219
785297,2832,19.900000000000095,276
788905,2833,308.40000000000225,3608
791420,2834,234.19999999999112,2515
791489,2835,3.699999999999995,69
794755,2836,292.4999999999999,3266
796893,2837,195.29999999999293,2138
798129,2838,118.29999999999741,1236
798497,2839,27.60000000000013,368
798565,2840,5.999999999999993,68
799028,2841,33.50000000000025,463
800038,2842,92.6999999999989,1010
800483,2843,35.3000000000002,445
801302,2844,66.70000000000056,819
802121,2845,69.70000000000027,819
805272,2846,276.49999999999403,3151
808053,2847,258.0999999999904,2781
808723,2848,66.80000000000031,670
808827,2849,8.099999999999984,104
809531,2850,62.70000000000062,704
810651,2851,96.79999999999865,1120
812827,2852,210.19999999999257,2176
812877,2853,-7.499999999999998,50
813584,2854,66.60000000000042,707
813839,2855,22.60000000000006,255
814284,2856,42.50000000000032,445
814649,2857,27.900000000000148,365
818257,2858,319.80000000000473,3608
818815,2859,47.500000000000455,558
819485,2860,60.8000000000006,670
823315,2861,343.2000000000106,3830
823796,2862,47.00000000000036,481
825367,2863,144.89999999999566,1571
827281,2864,172.29999999999416,1914
827952,2865,59.100000000000605,671
828002,2866,-6.299999999999999,50
831272,2867,300.09999999999883,3270
832955,2868,148.59999999999542,1683
834607,2869,151.19999999999519,1652
836371,2870,150.69999999999536,1764
838963,2871,238.29999999999112,2592
841100,2872,194.59999999999312,2137
841204,2873,8.099999999999984,104
842206,2874,95.19999999999882,1002
842573,2875,35.90000000000023,367
842905,2876,28.500000000000156,332
843236,2877,32.60000000000018,331
844322,2878,97.89999999999847,1086
846652,2879,196.19999999999266,2330
847887,2880,112.19999999999816,1235
847937,2881,-6.899999999999999,50
848265,2882,28.10000000000015,328
848371,2883,10.09999999999998,106
850058,2884,142.99999999999588,1687
850798,2885,66.90000000000026,740
852522,2886,166.79999999999507,1724
852628,2887,8.899999999999984,106
853524,2888,72.60000000000007,896
853574,2889,-7.499999999999998,50
856957,2890,311.7000000000015,3383
857099,2891,11.599999999999971,142
857221,2892,5.6999999999999815,122
857327,2893,5.299999999999984,106
858744,2894,126.79999999999686,1417
860561,2895,153.89999999999515,1817
860892,2896,27.200000000000134,331
862389,2897,136.8999999999963,1497
862829,2898,39.00000000000032,440
862934,2899,6.999999999999984,105
863752,2900,73.80000000000005,818
865100,2901,132.19999999999678,1348
866411,2902,99.99999999999778,1311
866553,2903,12.799999999999969,142
866885,2904,35.700000000000216,332
867437,2905,48.10000000000043,552
871026,2906,336.80000000000933,3589
871096,2907,4.9999999999999964,70
873535,2908,225.99999999999173,2439
876523,2909,271.89999999999395,2988
877870,2910,121.89999999999725,1347
879481,2911,153.99999999999542,1611
880151,2912,55.400000000000624,670
880479,2913,31.100000000000165,328
880808,2914,32.40000000000021,329
882795,2915,192.1999999999936,1987
883349,2916,45.30000000000048,554
886373,2917,269.199999999993,3024
886459,2918,3.599999999999989,86
887546,2919,89.59999999999933,1087
887596,2920,-6.299999999999999,50
887646,2921,-6.899999999999999,50
889637,2922,194.39999999999358,1991
893356,2923,319.80000000000666,3719
893406,2924,-6.899999999999999,50
894000,2925,45.400000000000496,594
895385,2926,119.99999999999653,1385
898126,2927,259.1999999999913,2741
899397,2928,114.29999999999757,1271
907184,2929,704.4000000000916,7787
907253,2930,3.699999999999995,69
907322,2931,3.0999999999999988,69
908332,2932,103.49999999999855,1010
908402,2933,3.7999999999999936,70
910539,2934,208.39999999999284,2137
911400,2935,75.99999999999997,861
912486,2936,103.29999999999822,1086
912815,2937,17.999999999999975,329
913067,2938,21.70000000000006,252
913512,2939,42.50000000000035,445
914373,2940,65.20000000000053,861
914854,2941,42.80000000000035,481
915958,2942,100.89999999999853,1104
917117,2943,95.59999999999826,1159
917860,2944,70.50000000000021,743
918867,2945,83.39999999999893,1007
921908,2946,291.59999999999906,3041
921978,2947,4.9999999999999964,70
923250,2948,106.59999999999805,1272
924563,2949,109.79999999999788,1313
925197,2950,57.500000000000554,634
925247,2951,-6.299999999999999,50
925297,2952,-8.099999999999998,50
925347,2953,-8.099999999999998,50
925869,2954,46.000000000000426,522
925919,2955,-8.099999999999998,50
926154,2956,16.70000000000003,235
926295,2957,11.499999999999972,141
926345,2958,-7.499999999999998,50
926414,2959,4.899999999999997,69
926555,2960,13.89999999999997,141
928129,2961,146.39999999999566,1574
928179,2962,-5.699999999999998,50
928527,2963,22.900000000000087,348
929387,2964,71.10000000000014,860
929489,2965,6.099999999999987,102
931174,2966,155.3999999999951,1685
932523,2967,125.09999999999721,1349
933680,2968,94.79999999999833,1157
934201,2969,51.300000000000466,521
938523,2970,378.3000000000208,4322
938776,2971,23.600000000000083,253
938959,2972,12.999999999999957,183
939027,2973,5.399999999999995,68
939169,2974,11.599999999999971,142
941571,2975,224.39999999999142,2402
945103,2976,303.80000000000024,3532
945172,2977,4.899999999999997,69
946783,2978,157.59999999999562,1611
946888,2979,8.199999999999983,105
948653,2980,158.59999999999516,1765
949437,2981,59.90000000000072,784
950786,2982,126.89999999999726,1349
950856,2983,4.9999999999999964,70
951110,2984,24.900000000000087,254
954605,2985,338.20000000000783,3495
957232,2986,231.89999999999057,2627
957318,2987,2.9999999999999902,86
957419,2988,9.599999999999982,101
957488,2989,3.6999999999999966,69
960980,2990,330.10000000000605,3492
961574,2991,56.200000000000536,594
963936,2992,220.09999999999178,2362
964267,2993,25.40000000000014,331
964825,2994,45.70000000000045,558
964930,2995,6.399999999999984,105
967292,2996,210.4999999999923,2362
968867,2997,141.69999999999615,1575
973041,2998,387.5000000000199,4174
973597,2999,35.90000000000024,556
973892,3000,23.90000000000011,295
974599,3001,67.20000000000041,707
975419,3002,71.00000000000004,820
975637,3003,16.199999999999957,218
978227,3004,231.4999999999906,2590
979611,3005,122.29999999999747,1384
979830,3006,21.700000000000042,219
981970,3007,190.09999999999317,2140
983902,3008,180.0999999999939,1932
984044,3009,10.999999999999972,142
984715,3010,59.70000000000064,671
984819,3011,7.499999999999988,104
985486,3012,62.30000000000062,667
992595,3013,646.8000000000774,7109
992700,3014,8.199999999999983,105
992883,3015,15.399999999999967,183
993647,3016,62.40000000000053,764
993733,3017,2.9999999999999893,86
995264,3018,146.89999999999628,1531
997440,3019,191.59999999999283,2176
999237,3020,162.69999999999484,1797
