timestep,episode,reward,length
1,0,-6.899999999999999,50
1,1,-6.299999999999999,50
1,2,-5.699999999999998,50
1,3,-5.699999999999998,50
1,4,-7.499999999999998,50
1,5,-6.899999999999999,50
1,6,-8.099999999999998,50
1,7,-6.899999999999999,50
1,8,-6.899999999999999,50
1,9,-5.699999999999998,50
1,10,-9.299999999999999,50
1,11,-4.499999999999998,50
1,12,-8.099999999999998,50
1,13,-7.499999999999998,50
1,14,-8.099999999999998,50
1,15,-6.299999999999999,50
1,16,-6.899999999999999,50
1,17,-8.099999999999998,50
1,18,-8.7,50
1,19,-7.499999999999998,50
2,20,-7.499999999999998,50
2,21,-6.299999999999999,50
2,22,-7.499999999999998,50
2,23,-6.899999999999999,50
2,24,-6.899999999999999,50
2,25,-8.099999999999998,50
2,26,-8.7,50
2,27,-6.899999999999999,50
2,28,-6.899999999999999,50
2,29,-7.499999999999998,50
2,30,-6.899999999999999,50
2,31,-8.099999999999998,50
2,32,-7.499999999999998,50
2,33,-8.099999999999998,50
2,34,-6.299999999999999,50
2,35,-6.899999999999999,50
2,36,-7.499999999999998,50
2,37,-8.099999999999998,50
2,38,-7.499999999999998,50
2,39,-8.099999999999998,50
3,40,-6.899999999999999,50
3,41,-8.7,50
3,42,-8.099999999999998,50
3,43,-5.099999999999998,50
3,44,-6.899999999999999,50
3,45,-8.099999999999998,50
3,46,-8.7,50
3,47,-6.899999999999999,50
3,48,-8.7,50
3,49,-6.299999999999999,50
3,50,-6.299999999999999,50
3,51,-8.099999999999998,50
3,52,-6.299999999999999,50
3,53,-8.099999999999998,50
3,54,-5.699999999999998,50
3,55,-8.7,50
3,56,-7.499999999999998,50
3,57,-8.099999999999998,50
3,58,-8.099999999999998,50
3,59,-7.499999999999998,50
3,60,-8.099999999999998,50
4,61,-3.299999999999998,50
4,62,-5.699999999999998,50
4,63,-6.899999999999999,50
4,64,-8.099999999999998,50
4,65,-4.499999999999998,50
4,66,-6.299999999999999,50
4,67,-5.099999999999998,50
4,68,-6.899999999999999,50
4,69,-6.299999999999999,50
4,70,-3.299999999999998,50
4,71,-8.099999999999998,50
4,72,-6.899999999999999,50
4,73,-3.899999999999998,50
4,74,-7.499999999999998,50
4,75,-8.099999999999998,50
4,76,-7.499999999999998,50
4,77,-6.899999999999999,50
4,78,-2.099999999999998,50
4,79,-8.7,50
4,80,-6.299999999999999,50
5,81,-5.099999999999998,50
5,82,-3.299999999999998,50
5,83,-6.899999999999999,50
5,84,-5.099999999999998,50
5,85,-3.899999999999998,50
5,86,-2.099999999999998,50
5,87,-5.699999999999998,50
5,88,-5.099999999999998,50
5,89,-6.899999999999999,50
5,90,-6.299999999999999,50
5,91,-6.899999999999999,50
5,92,-5.699999999999998,50
5,93,-3.899999999999998,50
5,94,-8.099999999999998,50
5,95,-6.299999999999999,50
5,96,-5.699999999999998,50
5,97,-2.699999999999998,50
5,98,-6.899999999999999,50
5,99,-6.299999999999999,50
5,100,-7.499999999999998,50
5,101,-7.499999999999998,50
6,102,-5.699999999999998,50
6,103,-2.699999999999998,50
6,104,-0.8999999999999986,50
6,105,-3.299999999999998,50
6,106,-3.299999999999998,50
6,107,-0.8999999999999986,50
6,108,-5.099999999999998,50
6,109,-1.4999999999999982,50
6,110,-3.899999999999998,50
6,111,-6.299999999999999,50
6,112,-2.099999999999998,50
6,113,-5.099999999999998,50
6,114,-2.699999999999998,50
6,115,-3.299999999999998,50
6,116,-3.899999999999998,50
6,117,-5.099999999999998,50
6,118,-0.8999999999999986,50
6,119,-3.299999999999998,50
6,120,-3.299999999999998,50
6,121,-0.8999999999999986,50
7,122,-5.699999999999998,50
7,123,-0.8999999999999986,50
7,124,-1.4999999999999982,50
7,125,-2.699999999999998,50
7,126,-0.8999999999999986,50
7,127,0.3000000000000007,50
7,128,-4.499999999999998,50
7,129,-4.499999999999998,50
7,130,-3.899999999999998,50
7,131,-0.8999999999999986,50
7,132,-1.4999999999999982,50
7,133,-3.299999999999998,50
7,134,-1.4999999999999982,50
7,135,-5.099999999999998,50
7,136,-0.8999999999999986,50
7,137,-6.299999999999999,50
7,138,-5.699999999999998,50
7,139,-0.8999999999999986,50
7,140,-0.8999999999999986,50
7,141,-3.299999999999998,50
7,142,-0.8999999999999986,50
8,143,-0.8999999999999986,50
8,144,-0.8999999999999986,50
8,145,-4.499999999999998,50
8,146,-2.099999999999998,50
8,147,-0.8999999999999986,50
8,148,-4.499999999999998,50
8,149,-0.8999999999999986,50
8,150,-3.299999999999998,50
8,151,-0.8999999999999986,50
8,152,-0.8999999999999986,50
8,153,-3.899999999999998,50
8,154,-0.8999999999999986,50
8,155,-3.899999999999998,50
8,156,-0.8999999999999986,50
8,157,-0.8999999999999986,50
8,158,-0.8999999999999986,50
8,159,-3.299999999999998,50
8,160,-5.699999999999998,50
8,161,-0.8999999999999986,50
8,162,-3.899999999999998,50
9,163,-0.8999999999999986,50
9,164,-0.8999999999999986,50
9,165,-1.4999999999999982,50
9,166,-1.4999999999999987,56
9,167,-0.8999999999999986,50
9,168,-3.0999999999999988,58
9,169,-0.8999999999999986,50
9,170,-0.8999999999999986,50
9,171,-0.8999999999999986,50
9,172,-0.8999999999999986,50
9,173,-0.8999999999999986,50
9,174,-4.499999999999998,50
9,175,-0.8999999999999986,50
9,176,-0.8999999999999986,50
9,177,-0.8999999999999986,50
9,178,-0.8999999999999986,50
9,179,-0.8999999999999986,50
9,180,-0.8999999999999986,50
9,181,-0.8999999999999986,50
9,182,-0.8999999999999986,50
9,183,-0.8999999999999986,50
10,184,-0.8999999999999986,50
10,185,-0.8999999999999986,50
10,186,-0.8999999999999986,50
10,187,2.3999999999999986,53
10,188,-0.8999999999999986,50
10,189,-0.8999999999999986,50
10,190,-0.8999999999999986,50
10,191,-0.8999999999999986,50
10,192,-0.8999999999999986,50
10,193,-0.8999999999999986,50
10,194,-0.8999999999999986,50
10,195,-0.8999999999999986,50
10,196,-0.8999999999999986,50
10,197,-0.8999999999999986,50
10,198,-0.8999999999999986,50
10,199,0.6000000000000019,53
10,200,0.40000000000000213,57
10,201,-0.8999999999999986,50
10,202,-0.8999999999999986,50
10,203,-1.4999999999999978,50
11,204,-0.8999999999999986,50
11,205,-0.2999999999999985,65
11,206,-0.29999999999999805,56
11,207,-0.8999999999999986,50
11,208,-0.8999999999999986,50
11,209,-0.8999999999999986,50
11,210,2.799999999999999,51
11,211,-0.8999999999999986,50
11,212,-0.8999999999999986,50
11,213,-0.29999999999999893,50
11,214,-0.8999999999999986,50
11,215,-0.8999999999999986,50
11,216,-0.8999999999999986,50
11,217,-0.29999999999999893,50
11,218,-0.8999999999999986,50
11,219,1.0000000000000018,51
11,220,-1.7999999999999985,59
11,221,-0.8999999999999986,50
11,222,-0.8999999999999986,50
11,223,-0.8999999999999986,50
12,224,0.9000000000000004,50
12,225,-0.8999999999999986,50
12,226,2.0999999999999996,50
12,227,-0.8999999999999986,50
12,228,-0.8999999999999986,50
12,229,-0.8999999999999986,50
12,230,-0.8999999999999986,50
12,231,-0.8999999999999986,50
12,232,-0.8999999999999986,50
12,233,-0.8999999999999986,50
12,234,0.9000000000000004,50
12,235,-0.8999999999999986,50
12,236,-0.8999999999999986,50
12,237,-0.8999999999999986,50
12,238,-0.29999999999999893,50
12,239,-0.6999999999999984,58
12,240,-0.8999999999999986,50
12,241,-0.8999999999999986,50
12,242,-0.8999999999999986,50
12,243,-0.8999999999999986,50
13,244,-0.8999999999999986,50
13,245,-0.8999999999999986,50
13,246,-0.8999999999999986,50
13,247,-0.8999999999999986,50
13,248,-0.8999999999999986,50
13,249,-0.29999999999999893,50
13,250,-0.8999999999999986,50
13,251,-0.8999999999999986,50
13,252,-0.29999999999999893,50
13,253,-0.8999999999999986,50
13,254,-0.8999999999999986,50
13,255,-0.4999999999999991,60
13,256,-0.8999999999999986,50
13,257,-0.8999999999999986,50
13,258,-0.8999999999999986,50
13,259,1.5,50
13,260,-0.8999999999999986,50
13,261,-2.0999999999999988,56
13,262,-0.8999999999999986,50
13,263,-0.8999999999999986,50
14,264,-0.8999999999999986,50
14,265,-0.8999999999999986,50
14,266,2.6999999999999993,50
14,267,0.3000000000000007,50
14,268,-0.8999999999999986,50
14,269,-0.8999999999999986,50
14,270,-0.8999999999999986,50
14,271,-0.8999999999999986,50
14,272,-0.8999999999999986,50
14,273,-0.8999999999999986,50
14,274,-0.8999999999999986,50
14,275,-0.8999999999999986,50
14,276,-0.8999999999999986,50
14,277,-0.8999999999999986,50
14,278,-0.8999999999999986,50
14,279,-0.8999999999999986,50
14,280,-0.7999999999999985,51
14,281,0.3000000000000007,50
14,282,-0.8999999999999986,50
14,283,-0.8999999999999986,50
14,284,-0.8999999999999986,50
15,285,1.5,50
15,286,-0.8999999999999986,50
15,287,-0.8999999999999986,50
15,288,-0.8999999999999986,50
15,289,-0.8999999999999986,50
15,290,2.299999999999999,52
15,291,-0.8999999999999986,50
15,292,-0.8999999999999986,50
15,293,-0.8999999999999986,50
15,294,-0.8999999999999986,50
15,295,1.200000000000001,59
15,296,-0.8999999999999986,50
15,297,2.220446049250313e-15,59
15,298,-0.8999999999999986,50
15,299,-0.8999999999999986,50
15,300,-0.8999999999999986,50
15,301,-0.8999999999999986,50
15,302,0.9000000000000004,50
15,303,-0.8999999999999986,50
15,304,0.29999999999999893,56
16,305,2.4999999999999982,54
16,306,-0.8999999999999986,50
16,307,2.0999999999999996,50
16,308,1.3000000000000016,54
16,309,-0.8999999999999986,50
16,310,0.3000000000000007,50
16,311,-0.8999999999999986,50
16,312,1.5,50
16,313,-0.8999999999999986,50
16,314,-0.8999999999999986,50
16,315,-0.8999999999999986,50
16,316,-0.8999999999999986,50
16,317,-0.8999999999999986,50
16,318,-0.8999999999999986,50
16,319,-0.8999999999999986,50
16,320,-0.29999999999999893,50
16,321,1.6999999999999993,52
16,322,2.6999999999999993,50
16,323,-0.8999999999999986,50
16,324,2.6999999999999993,50
17,325,-0.8999999999999986,50
17,326,-0.8999999999999986,50
17,327,-0.8999999999999986,50
17,328,-0.29999999999999893,50
17,329,-0.8999999999999986,50
17,330,-0.8999999999999986,50
17,331,2.6999999999999993,50
17,332,-1.8999999999999986,58
17,333,-2.3999999999999986,53
17,334,-0.8999999999999986,50
17,335,-0.8999999999999986,50
17,336,-0.8999999999999986,50
17,337,0.3000000000000007,50
17,338,-0.39999999999999813,55
17,339,0.3000000000000007,50
17,340,2.6999999999999993,50
17,341,-0.8999999999999986,50
17,342,0.3000000000000007,50
17,343,-3.299999999999998,50
17,344,-1.4999999999999982,50
18,345,2.9999999999999982,53
18,346,2.8999999999999986,52
18,347,-0.8999999999999986,50
18,348,-0.8999999999999986,50
18,349,2.9999999999999982,53
18,350,-0.29999999999999893,50
18,351,2.0999999999999996,50
18,352,-0.8999999999999986,50
18,353,-0.8999999999999986,50
18,354,-0.8999999999999986,50
18,355,1.5,50
18,356,-0.8999999999999986,50
18,357,-0.8999999999999986,50
18,358,-0.8999999999999986,50
18,359,-0.8999999999999986,50
18,360,-0.8999999999999986,50
18,361,-0.8999999999999986,50
18,362,-0.8999999999999986,50
18,363,0.3000000000000007,50
18,364,1.6000000000000014,45
19,365,2.799999999999999,51
19,366,1.800000000000002,53
19,367,2.1999999999999975,57
19,368,2.9999999999999982,53
19,369,-0.8999999999999986,50
19,370,-0.8999999999999986,56
19,371,-2.8999999999999986,60
19,372,-0.8999999999999986,50
19,373,2.0999999999999996,50
19,374,2.1999999999999993,51
19,375,2.3999999999999986,53
19,376,-1.3999999999999986,57
19,377,2.799999999999999,51
19,378,-0.29999999999999893,50
19,379,2.799999999999999,51
19,380,0.9000000000000004,50
19,381,-0.8999999999999986,50
19,382,2.0999999999999996,50
19,383,1.5,50
19,384,2.0999999999999996,50
20,385,-0.8999999999999986,50
20,386,-4.399999999999999,57
20,387,2.0999999999999996,50
20,388,1.5000000000000022,56
20,389,0.3000000000000007,50
20,390,2.599999999999998,55
20,391,1.5,50
20,392,-0.8999999999999986,50
20,393,-0.8999999999999986,50
20,394,0.9000000000000004,50
20,395,-0.29999999999999893,50
20,396,2.3999999999999986,53
20,397,-0.8999999999999986,50
20,398,-0.8999999999999986,50
20,399,3.1999999999999975,55
20,400,1.5000000000000004,56
20,401,-0.8999999999999986,50
20,402,1.6000000000000014,45
20,403,0.3000000000000007,50
20,404,2.9999999999999982,53
21,405,0.5,58
21,406,2.599999999999998,55
21,407,2.3999999999999986,53
21,408,-1.8999999999999986,58
21,409,0.3000000000000007,50
21,410,-2.099999999999998,50
21,411,1.5,50
21,412,-0.8999999999999981,56
21,413,0.9000000000000004,50
21,414,1.5,50
21,415,2.599999999999998,55
21,416,2.799999999999999,51
21,417,2.799999999999999,51
21,418,-0.8999999999999986,50
21,419,2.599999999999998,55
21,420,2.8999999999999986,52
21,421,0.9000000000000004,50
21,422,2.0999999999999996,50
21,423,-0.8999999999999986,50
22,424,2.799999999999999,51
22,425,-0.8999999999999986,50
22,426,-0.8999999999999986,50
22,427,0.3000000000000007,50
22,428,-0.8999999999999986,50
22,429,1.899999999999999,60
22,430,-0.8999999999999986,50
22,431,-0.8999999999999986,50
22,432,2.1999999999999993,51
22,433,2.6999999999999993,50
22,434,0.10000000000000187,54
22,435,-2.3999999999999986,59
22,436,1.5,50
22,437,-0.29999999999999893,50
22,438,-0.8999999999999986,50
22,439,2.599999999999998,55
22,440,2.3000000000000007,52
22,441,0.3000000000000007,50
22,442,3.1999999999999975,55
22,443,2.8999999999999986,52
23,444,-0.3999999999999986,55
23,445,-0.8999999999999986,50
23,446,2.6999999999999993,50
23,447,0.3000000000000007,50
23,448,2.9999999999999982,53
23,449,0.3000000000000007,50
23,450,-0.8999999999999986,50
23,451,-0.8999999999999986,50
23,452,0.9000000000000004,50
23,453,2.8999999999999986,52
23,454,2.3000000000000007,52
23,455,-0.8999999999999986,50
23,456,-0.8999999999999986,50
23,457,2.6999999999999993,50
23,458,1.5,50
23,459,-0.8999999999999986,50
23,460,1.5,50
23,461,1.5,50
23,462,2.6999999999999993,50
23,463,2.6999999999999993,50
24,464,2.0999999999999996,50
24,465,1.5,50
24,466,0.3000000000000016,50
24,467,0.3000000000000007,50
24,468,1.5,50
24,469,0.9000000000000004,50
24,470,-1.8999999999999986,58
24,471,1.5,50
24,472,-0.8999999999999986,50
24,473,-0.8999999999999986,50
24,474,2.799999999999999,51
24,475,2.4999999999999982,54
24,476,2.6999999999999993,50
24,477,-1.2999999999999985,58
24,478,2.100000000000002,38
24,479,0.3000000000000007,50
24,480,2.9999999999999982,53
24,481,1.700000000000002,52
24,482,2.0999999999999996,50
24,483,-0.39999999999999813,55
25,484,2.200000000000001,51
25,485,2.299999999999999,52
25,486,-0.29999999999999893,50
25,487,1.700000000000002,52
25,488,-0.8999999999999986,50
25,489,-0.8999999999999986,50
25,490,-0.8999999999999986,50
25,491,-0.8999999999999986,56
25,492,1.2000000000000015,53
25,493,1.9000000000000021,54
25,494,2.4999999999999982,54
25,495,2.4999999999999982,54
25,496,2.799999999999999,51
25,497,3.399999999999997,57
25,498,-0.8999999999999986,50
25,499,-0.8999999999999986,50
25,500,-1.4999999999999978,50
25,501,0.3000000000000007,50
25,502,1.5999999999999996,51
25,503,2.8999999999999986,52
26,504,1.7763568394002505e-15,53
26,505,-0.8999999999999986,50
26,506,2.599999999999998,55
26,507,1.799999999999999,53
26,508,0.5000000000000018,52
26,509,3.099999999999998,54
26,510,-0.8999999999999986,50
26,511,2.0999999999999996,50
26,512,2.0999999999999996,50
26,513,2.1999999999999993,51
26,514,2.8999999999999986,52
26,515,1.6999999999999993,52
26,516,3.099999999999998,54
26,517,2.8999999999999986,52
26,518,-0.8999999999999986,50
26,519,2.6999999999999993,50
26,520,3.1999999999999975,55
26,521,-1.4999999999999978,50
26,522,2.599999999999998,55
26,523,2.799999999999999,51
27,524,2.0999999999999996,50
27,525,2.0999999999999996,50
27,526,2.0999999999999996,50
27,527,2.0999999999999996,50
27,528,-0.8999999999999986,50
27,529,2.6999999999999993,50
27,530,3.099999999999998,54
27,531,2.799999999999999,51
27,532,2.1999999999999993,51
27,533,1.5,50
27,534,2.799999999999997,57
27,535,2.799999999999999,51
27,536,3.299999999999997,56
27,537,2.3,52
27,538,2.9999999999999982,53
27,539,-0.29999999999999893,50
27,540,2.299999999999999,52
27,541,2.499999999999999,54
27,542,2.8999999999999986,52
27,543,2.0999999999999996,50
28,544,2.6999999999999993,50
28,545,1.7999999999999936,86
28,546,2.1999999999999993,51
28,547,2.3999999999999986,53
28,548,1.5,50
28,549,2.799999999999999,51
28,550,0.9000000000000004,50
28,551,1.9999999999999982,64
28,552,2.8999999999999986,52
28,553,2.799999999999999,51
28,554,2.9999999999999982,53
28,555,0.20000000000000195,55
28,556,2.6999999999999993,50
28,557,2.6999999999999993,50
28,558,2.6999999999999993,50
28,559,2.6999999999999966,65
28,560,-0.8999999999999986,50
28,561,1.5,50
28,562,0.9000000000000004,50
29,563,1.5,50
29,564,3.099999999999998,54
29,565,2.8999999999999986,52
29,566,2.799999999999999,51
29,567,3.099999999999998,54
29,568,2.6999999999999993,50
29,569,2.3999999999999977,59
29,570,2.3999999999999986,53
29,571,-0.4999999999999982,54
29,572,0.10000000000000187,54
29,573,1.5,50
29,574,2.4000000000000004,53
29,575,1.5,50
29,576,2.0999999999999996,50
29,577,2.6999999999999993,50
29,578,-0.8999999999999986,50
29,579,2.799999999999999,51
29,580,2.9999999999999982,53
29,581,2.799999999999999,51
30,582,1.2999999999999994,63
30,583,2.0999999999999996,50
30,584,2.8999999999999986,52
30,585,1.200000000000002,53
30,586,2.799999999999999,51
30,587,2.3000000000000007,52
30,588,2.8999999999999986,52
30,589,2.8999999999999986,52
30,590,2.4999999999999982,54
30,591,1.299999999999999,54
30,592,2.6999999999999993,50
30,593,-2.3999999999999986,59
30,594,2.6999999999999993,50
30,595,2.9999999999999982,53
30,596,0.9000000000000004,50
30,597,2.799999999999999,51
30,598,2.6999999999999993,50
30,599,2.8999999999999986,52
30,600,2.799999999999999,51
30,601,2.8999999999999986,52
31,602,3.099999999999998,54
31,603,2.8999999999999986,52
31,604,2.799999999999999,51
31,605,2.9999999999999982,53
31,606,3.099999999999998,54
31,607,2.6999999999999993,50
31,608,1.5,50
31,609,2.1999999999999993,51
31,610,2.9999999999999982,53
31,611,2.8999999999999986,52
31,612,2.0999999999999996,50
31,613,3.299999999999997,56
31,614,0.9000000000000004,50
31,615,1.200000000000002,53
31,616,-0.39999999999999813,55
31,617,2.799999999999999,51
31,618,2.6999999999999993,50
31,619,2.6999999999999993,50
31,620,2.4999999999999982,54
32,621,2.799999999999999,51
32,622,2.299999999999999,52
32,623,3.099999999999998,54
32,624,3.099999999999998,54
32,625,2.6999999999999993,50
32,626,2.9999999999999982,53
32,627,3.099999999999998,54
32,628,2.8999999999999986,52
32,629,1.4000000000000008,55
32,630,1.700000000000002,52
32,631,2.0999999999999996,50
32,632,3.299999999999997,56
32,633,2.6999999999999975,56
32,634,2.8999999999999986,52
32,635,2.9999999999999982,53
32,636,2.1999999999999993,51
32,637,2.6999999999999993,50
32,638,2.1999999999999993,51
32,639,0.9000000000000004,50
32,640,2.799999999999999,51
33,641,3.1999999999999975,55
33,642,3.1999999999999975,55
33,643,2.9999999999999982,53
33,644,2.6999999999999975,56
33,645,0.9000000000000008,56
33,646,2.8999999999999986,52
33,647,2.6999999999999993,50
33,648,2.0999999999999996,50
33,649,2.8999999999999986,52
33,650,2.299999999999999,52
33,651,2.299999999999999,52
33,652,3.399999999999997,57
33,653,2.6999999999999993,50
33,654,3.4999999999999964,58
33,655,2.9999999999999982,53
33,656,2.9999999999999982,53
33,657,2.8999999999999986,52
33,658,2.8999999999999986,52
33,659,2.799999999999999,51
34,660,2.3999999999999995,53
34,661,2.1999999999999993,51
34,662,2.8999999999999986,52
34,663,3.399999999999997,57
34,664,2.3999999999999986,53
34,665,2.3999999999999986,53
34,666,2.6999999999999993,50
34,667,2.799999999999999,51
34,668,2.8999999999999986,52
34,669,2.8999999999999986,52
34,670,2.9999999999999982,53
34,671,3.299999999999997,56
34,672,3.399999999999997,57
34,673,1.5,50
34,674,2.799999999999999,51
34,675,2.8999999999999986,52
34,676,2.9999999999999982,53
34,677,2.6999999999999993,50
34,678,2.8999999999999986,52
34,679,1.4000000000000012,55
35,680,2.8999999999999986,52
35,681,2.0999999999999996,50
35,682,0.7999999999999989,61
35,683,2.3999999999999986,53
35,684,0.3000000000000007,50
35,685,3.1999999999999957,61
35,686,2.899999999999997,58
35,687,2.9999999999999982,53
35,688,3.599999999999998,62
35,689,2.0999999999999996,50
35,690,3.299999999999997,56
35,691,2.799999999999999,51
35,692,3.299999999999997,56
35,693,2.3999999999999986,53
35,694,2.9999999999999982,53
35,695,2.6999999999999993,50
35,696,3.399999999999997,57
35,697,2.9999999999999982,53
35,698,2.8999999999999986,52
36,699,2.9999999999999982,53
36,700,-0.8999999999999986,50
36,701,2.0999999999999996,50
36,702,1.200000000000002,53
36,703,2.8999999999999986,52
36,704,3.099999999999987,93
36,705,0.7999999999999998,61
36,706,2.9999999999999964,59
36,707,2.9999999999999982,53
36,708,2.299999999999999,52
36,709,2.9999999999999987,62
36,710,2.8999999999999986,52
36,711,2.6999999999999993,50
36,712,2.6999999999999993,50
36,713,3.7999999999999954,61
36,714,0.3000000000000007,50
36,715,2.9999999999999964,59
36,716,2.8999999999999986,52
37,717,2.6999999999999993,50
37,718,2.9999999999999964,59
37,719,1.0000000000000022,57
37,720,3.399999999999997,57
37,721,0.6000000000000019,53
37,722,2.0999999999999996,50
37,723,0.9000000000000004,50
37,724,3.399999999999997,57
37,725,2.8999999999999986,52
37,726,4.199999999999996,62
37,727,0.3000000000000007,50
37,728,2.799999999999999,51
37,729,2.799999999999999,51
37,730,2.799999999999999,51
37,731,3.1999999999999975,55
37,732,2.799999999999999,51
37,733,1.800000000000002,53
37,734,3.2999999999999963,65
37,735,2.8999999999999986,52
38,736,2.9999999999999982,53
38,737,1.4000000000000021,55
38,738,2.8999999999999986,52
38,739,2.899999999999997,58
38,740,3.4999999999999947,67
38,741,3.7999999999999954,64
38,742,3.399999999999997,57
38,743,3.399999999999997,57
38,744,2.6999999999999966,65
38,745,2.9999999999999982,53
38,746,-0.7999999999999985,57
38,747,3.4999999999999964,58
38,748,2.9999999999999982,53
38,749,2.9999999999999982,53
38,750,2.799999999999999,51
38,751,3.399999999999997,57
38,752,3.099999999999998,54
38,753,3.399999999999997,57
39,754,3.599999999999996,59
39,755,2.9999999999999982,53
39,756,2.1999999999999993,51
39,757,3.099999999999998,54
39,758,4.899999999999995,63
39,759,3.099999999999996,60
39,760,3.599999999999996,59
39,761,3.1999999999999975,55
39,762,3.4999999999999964,58
39,763,3.299999999999997,56
39,764,2.0999999999999996,50
39,765,3.1999999999999957,61
39,766,3.7999999999999954,61
39,767,2.799999999999997,57
39,768,2.6999999999999975,56
39,769,3.399999999999997,57
39,770,2.899999999999997,58
39,771,1.200000000000002,53
40,772,3.299999999999997,56
40,773,3.4999999999999964,58
40,774,2.9999999999999982,53
40,775,3.599999999999996,59
40,776,2.799999999999997,57
40,777,3.399999999999997,57
40,778,3.099999999999996,60
40,779,3.399999999999997,57
40,780,3.399999999999997,57
40,781,3.7999999999999954,61
40,782,2.9999999999999982,53
40,783,2.299999999999999,52
40,784,3.399999999999997,57
40,785,2.9999999999999982,53
40,786,3.299999999999997,56
40,787,3.099999999999998,54
40,788,3.1999999999999975,55
40,789,3.599999999999996,59
41,790,2.7999999999999976,66
41,791,2.4999999999999982,54
41,792,3.1999999999999957,61
41,793,0.9000000000000004,50
41,794,3.4999999999999964,58
41,795,3.4999999999999964,58
41,796,2.6999999999999993,50
41,797,3.4999999999999964,58
41,798,2.799999999999997,57
41,799,2.6999999999999993,50
41,800,3.9999999999999947,66
41,801,1.1999999999999993,53
41,802,3.599999999999996,59
41,803,3.4999999999999964,58
41,804,4.199999999999996,62
41,805,2.799999999999997,57
41,806,3.5999999999999925,86
42,807,4.199999999999996,62
42,808,2.6999999999999975,56
42,809,3.1999999999999957,61
42,810,3.1999999999999957,61
42,811,2.799999999999999,51
42,812,2.9999999999999902,86
42,813,0.20000000000000195,55
42,814,3.1999999999999975,55
42,815,2.599999999999998,64
42,816,2.599999999999998,55
42,817,3.299999999999997,56
42,818,1.8999999999999968,60
42,819,3.099999999999998,54
42,820,2.899999999999997,58
42,821,4.799999999999995,62
42,822,1.5,56
42,823,3.399999999999997,57
42,824,2.8999999999999986,52
43,825,2.799999999999999,51
43,826,3.299999999999997,56
43,827,2.799999999999999,51
43,828,2.6999999999999993,50
43,829,2.6999999999999993,50
43,830,6.199999999999985,94
43,831,4.199999999999996,62
43,832,2.9999999999999893,86
43,833,3.599999999999989,86
43,834,4.299999999999995,63
43,835,3.1999999999999975,55
43,836,3.1999999999999975,55
43,837,2.6999999999999975,56
43,838,2.0999999999999996,50
43,839,2.799999999999999,51
43,840,2.6999999999999993,50
43,841,1.3999999999999986,61
44,842,3.099999999999998,54
44,843,3.599999999999996,59
44,844,4.799999999999995,62
44,845,2.799999999999997,57
44,846,4.199999999999989,86
44,847,2.9999999999999982,53
44,848,3.099999999999996,60
44,849,2.899999999999997,58
44,850,5.499999999999988,87
44,851,4.899999999999995,63
44,852,3.1999999999999975,55
44,853,3.099999999999998,54
44,854,1.5,50
44,855,1.9999999999999991,55
44,856,3.4999999999999964,58
44,857,2.6999999999999975,56
44,858,2.1999999999999993,51
45,859,2.4999999999999982,54
45,860,2.9999999999999982,53
45,861,2.4999999999999982,54
45,862,3.1999999999999975,55
45,863,4.799999999999995,62
45,864,2.599999999999998,55
45,865,2.9999999999999964,59
45,866,3.4999999999999964,58
45,867,3.7999999999999954,64
45,868,3.599999999999996,59
45,869,2.799999999999997,57
45,870,3.299999999999997,56
45,871,2.799999999999997,57
45,872,3.599999999999996,62
45,873,2.6999999999999975,56
45,874,2.1999999999999993,51
45,875,3.599999999999996,59
46,876,2.3999999999999897,86
46,877,4.899999999999995,63
46,878,0.9000000000000004,50
46,879,3.599999999999996,59
46,880,2.1999999999999993,51
46,881,2.799999999999999,51
46,882,2.8999999999999986,52
46,883,4.799999999999995,62
46,884,3.599999999999998,62
46,885,1.7000000000000024,58
46,886,1.4000000000000021,55
46,887,3.1999999999999975,55
46,888,3.299999999999997,56
46,889,1.5,50
46,890,0.9000000000000004,50
46,891,2.8999999999999986,52
46,892,3.4999999999999964,58
46,893,2.599999999999996,61
46,894,2.6999999999999975,56
47,895,2.8999999999999986,52
47,896,3.1999999999999957,61
47,897,4.199999999999996,62
47,898,2.9999999999999982,53
47,899,3.399999999999997,57
47,900,2.4999999999999982,54
47,901,3.4999999999999964,58
47,902,3.4999999999999964,58
47,903,2.799999999999999,51
47,904,4.299999999999995,63
47,905,3.4999999999999964,58
47,906,3.599999999999996,59
47,907,2.6999999999999993,50
47,908,3.099999999999996,60
47,909,2.8999999999999986,52
47,910,3.299999999999997,56
47,911,3.599999999999996,59
47,912,2.299999999999999,52
48,913,3.399999999999997,57
48,914,4.299999999999995,63
48,915,4.399999999999995,64
48,916,6.2999999999999865,89
48,917,1.299999999999991,93
48,918,5.399999999999988,86
48,919,4.699999999999985,100
48,920,4.799999999999995,62
48,921,2.0999999999999996,50
48,922,2.799999999999999,51
48,923,3.299999999999997,56
48,924,2.299999999999999,52
48,925,2.6999999999999993,50
48,926,2.4999999999999982,54
48,927,2.0999999999999996,50
48,928,2.6999999999999993,50
49,929,4.999999999999988,88
49,930,3.399999999999997,57
49,931,2.699999999999997,98
49,932,1.79999999999999,86
49,933,4.899999999999995,63
49,934,2.0999999999999996,50
49,935,3.6999999999999957,60
49,936,3.299999999999997,56
49,937,3.299999999999997,56
49,938,5.499999999999995,63
49,939,3.399999999999997,57
49,940,3.599999999999996,59
49,941,3.599999999999996,59
49,942,3.1999999999999957,61
49,943,3.6999999999999957,60
49,944,3.6999999999999957,60
50,945,3.599999999999989,86
50,946,4.899999999999995,63
50,947,-0.8999999999999986,50
50,948,6.199999999999974,133
50,949,4.299999999999995,63
50,950,4.299999999999995,63
50,951,1.6000000000000023,57
50,952,2.599999999999996,61
50,953,2.399999999999997,59
50,954,5.399999999999995,62
50,955,2.0999999999999996,50
50,956,5.699999999999987,89
50,957,4.199999999999994,68
50,958,2.6999999999999993,50
51,959,1.6999999999999913,91
51,960,4.799999999999988,86
51,961,4.999999999999988,88
51,962,6.899999999999986,89
51,963,4.799999999999995,62
51,964,2.8999999999999986,52
51,965,3.4999999999999964,58
51,966,3.6999999999999957,60
51,967,3.6999999999999957,60
51,968,5.799999999999985,96
51,969,2.9999999999999964,59
51,970,4.399999999999995,64
51,971,3.399999999999997,57
51,972,4.399999999999995,64
51,973,3.599999999999996,59
52,974,4.299999999999988,87
52,975,5.499999999999986,93
52,976,4.799999999999995,62
52,977,4.299999999999995,63
52,978,3.399999999999995,66
52,979,3.1999999999999957,61
52,980,9.799999999999972,133
52,981,4.399999999999995,64
52,982,5.399999999999988,86
52,983,1.4999999999999907,95
52,984,4.499999999999995,65
52,985,3.4999999999999964,58
52,986,4.399999999999995,64
52,987,2.8999999999999986,52
53,988,2.9999999999999982,53
53,989,4.999999999999988,88
53,990,2.799999999999999,51
53,991,4.799999999999995,62
53,992,3.899999999999995,65
53,993,3.1999999999999957,61
53,994,4.799999999999995,62
53,995,1.0,51
53,996,-0.8999999999999986,50
53,997,3.099999999999987,93
53,998,3.6999999999999957,60
53,999,5.499999999999995,63
53,1000,3.099999999999996,60
53,1001,3.1999999999999957,61
53,1002,1.1000000000000019,67
53,1003,3.399999999999996,66
54,1004,3.7999999999999954,64
54,1005,-0.29999999999999805,56
54,1006,2.6999999999999975,56
54,1007,3.6999999999999975,63
54,1008,5.399999999999986,92
54,1009,5.499999999999995,63
54,1010,4.899999999999995,63
54,1011,5.899999999999986,91
54,1012,2.6999999999999975,65
54,1013,3.6999999999999904,87
54,1014,5.499999999999995,63
54,1015,4.199999999999996,62
54,1016,4.799999999999995,62
54,1017,2.2,57
54,1018,4.799999999999994,68
55,1019,5.499999999999995,63
55,1020,3.599999999999996,59
55,1021,11.29999999999997,139
55,1022,4.299999999999995,63
55,1023,2.7999999999999963,66
55,1024,3.2999999999999963,65
55,1025,5.7999999999999865,90
55,1026,3.1000000000000023,63
55,1027,5.399999999999986,92
55,1028,3.899999999999995,65
55,1029,4.399999999999995,64
55,1030,5.199999999999987,90
55,1031,3.099999999999998,54
55,1032,4.399999999999995,64
56,1033,5.399999999999995,62
56,1034,3.4999999999999964,58
56,1035,3.6999999999999957,60
56,1036,2.9999999999999964,59
56,1037,4.299999999999995,63
56,1038,5.399999999999995,62
56,1039,4.899999999999995,63
56,1040,4.599999999999987,90
56,1041,2.899999999999988,100
56,1042,3.299999999999997,56
56,1043,4.899999999999995,63
56,1044,3.4999999999999964,58
56,1045,2.8999999999999986,52
56,1046,4.599999999999994,66
56,1047,3.599999999999996,59
56,1048,3.399999999999997,57
57,1049,4.499999999999995,65
57,1050,2.799999999999997,57
57,1051,4.799999999999995,62
57,1052,5.399999999999995,62
57,1053,5.999999999999993,68
57,1054,2.9999999999999964,59
57,1055,3.1999999999999966,64
57,1056,3.899999999999995,65
57,1057,3.7999999999999954,61
57,1058,7.499999999999984,98
57,1059,2.9999999999999893,86
57,1060,5.399999999999995,62
57,1061,2.599999999999996,61
57,1062,4.799999999999995,62
57,1063,2.9999999999999964,59
57,1064,3.099999999999996,63
58,1065,3.399999999999997,66
58,1066,4.799999999999995,62
58,1067,5.599999999999987,88
58,1068,3.899999999999988,95
58,1069,2.9999999999999982,53
58,1070,3.6999999999999957,60
58,1071,4.399999999999995,64
58,1072,2.4999999999999982,54
58,1073,2.799999999999999,51
58,1074,5.399999999999988,86
58,1075,3.599999999999996,59
58,1076,3.599999999999996,59
58,1077,2.3999999999999897,86
58,1078,4.999999999999986,94
58,1079,2.6999999999999993,50
59,1080,2.5999999999999996,61
59,1081,5.499999999999988,87
59,1082,6.999999999999977,123
59,1083,4.699999999999987,91
59,1084,2.799999999999999,51
59,1085,3.1999999999999957,64
59,1086,4.899999999999995,63
59,1087,6.999999999999984,99
59,1088,5.699999999999987,89
59,1089,5.899999999999987,91
59,1090,4.899999999999995,63
59,1091,3.399999999999995,66
59,1092,2.4000000000000026,62
60,1093,4.499999999999995,65
60,1094,2.6999999999999993,50
60,1095,9.799999999999974,127
60,1096,4.399999999999995,64
60,1097,2.6999999999999993,50
60,1098,7.999999999999973,136
60,1099,3.4999999999999964,58
60,1100,0.6000000000000005,62
60,1101,7.599999999999984,99
60,1102,1.79999999999999,86
60,1103,6.099999999999987,87
60,1104,2.7999999999999976,66
60,1105,4.799999999999988,86
61,1106,3.699999999999994,69
61,1107,3.6999999999999993,63
61,1108,2.5999999999999988,55
61,1109,6.499999999999986,91
61,1110,5.499999999999995,63
61,1111,2.4999999999999982,54
61,1112,5.699999999999985,95
61,1113,2.6999999999999975,56
61,1114,2.9999999999999982,53
61,1115,4.999999999999988,88
61,1116,2.999999999999992,92
61,1117,8.699999999999976,122
61,1118,5.399999999999995,62
61,1119,5.499999999999995,63
62,1120,3.099999999999998,54
62,1121,10.999999999999972,136
62,1122,3.7999999999999954,64
62,1123,5.399999999999995,62
62,1124,5.099999999999988,89
62,1125,9.199999999999974,127
62,1126,4.799999999999995,62
62,1127,7.099999999999984,100
62,1128,1.3999999999999968,64
62,1129,11.39999999999997,140
62,1130,1.79999999999999,86
63,1131,8.699999999999983,98
63,1132,3.099999999999996,60
63,1133,3.4999999999999964,58
63,1134,4.999999999999995,64
63,1135,-0.8999999999999986,50
63,1136,3.599999999999996,59
63,1137,5.999999999999988,86
63,1138,4.299999999999994,69
63,1139,3.7999999999999954,61
63,1140,8.099999999999984,98
63,1141,4.799999999999995,62
63,1142,5.099999999999985,98
63,1143,3.599999999999996,59
63,1144,2.4999999999999964,60
64,1145,3.999999999999992,99
64,1146,14.599999999999962,205
64,1147,7.699999999999983,97
64,1148,4.699999999999988,100
64,1149,9.499999999999964,163
64,1150,4.399999999999995,64
64,1151,5.699999999999987,89
64,1152,2.1999999999999993,51
64,1153,4.199999999999996,62
64,1154,5.399999999999995,62
64,1155,1.8000000000000003,59
65,1156,6.599999999999985,101
65,1157,6.299999999999985,98
65,1158,2.6999999999999975,56
65,1159,4.899999999999995,63
65,1160,3.7999999999999954,64
65,1161,3.29999999999999,98
65,1162,3.4999999999999964,58
65,1163,3.099999999999996,60
65,1164,2.3999999999999897,86
65,1165,5.499999999999995,63
65,1166,3.7999999999999954,61
65,1167,6.899999999999984,98
65,1168,4.599999999999994,66
65,1169,5.699999999999983,104
66,1170,5.899999999999984,97
66,1171,4.099999999999995,67
66,1172,3.599999999999996,59
66,1173,2.799999999999997,57
66,1174,4.899999999999995,63
66,1175,4.899999999999995,63
66,1176,3.3999999999999915,99
66,1177,5.899999999999993,67
66,1178,3.6999999999999957,60
66,1179,4.999999999999995,64
66,1180,6.999999999999977,123
66,1181,10.299999999999972,135
66,1182,2.6000000000000014,64
67,1183,6.299999999999985,98
67,1184,3.1999999999999975,55
67,1185,5.499999999999995,63
67,1186,4.899999999999995,63
67,1187,4.499999999999995,65
67,1188,2.899999999999997,58
67,1189,3.1999999999999957,61
67,1190,-1.4999999999999982,50
67,1191,2.9999999999999982,53
67,1192,6.399999999999984,99
67,1193,3.599999999999996,59
67,1194,4.799999999999995,62
67,1195,6.399999999999984,99
68,1196,15.899999999999974,176
68,1197,7.999999999999982,103
68,1198,4.599999999999985,99
68,1199,4.399999999999995,64
68,1200,3.1999999999999957,61
68,1201,5.399999999999995,62
68,1202,5.299999999999986,97
68,1203,4.299999999999999,63
68,1204,4.399999999999995,64
68,1205,4.799999999999995,62
68,1206,4.899999999999995,63
68,1207,3.6000000000000005,62
68,1208,4.799999999999995,62
68,1209,3.6999999999999957,60
69,1210,14.899999999999974,175
69,1211,7.599999999999984,99
69,1212,7.499999999999984,98
69,1213,9.899999999999972,137
69,1214,15.799999999999969,214
69,1215,6.7999999999999865,88
69,1216,3.899999999999995,65
69,1217,9.199999999999973,133
69,1218,4.399999999999995,64
70,1219,11.99999999999996,179
70,1220,2.7999999999999883,96
70,1221,4.399999999999995,64
70,1222,8.699999999999973,137
70,1223,4.799999999999995,62
70,1224,6.999999999999984,99
70,1225,11.399999999999972,131
70,1226,2.8999999999999977,67
70,1227,4.899999999999995,63
70,1228,4.899999999999995,63
70,1229,4.799999999999995,62
71,1230,3.7999999999999954,64
71,1231,6.299999999999976,128
71,1232,2.0999999999999996,50
71,1233,4.49999999999998,128
71,1234,4.999999999999993,70
71,1235,4.399999999999988,88
71,1236,6.399999999999986,105
71,1237,4.899999999999995,63
71,1238,7.899999999999983,102
71,1239,3.599999999999996,59
71,1240,1.6999999999999993,97
71,1241,4.799999999999995,62
72,1242,17.600000000000026,211
72,1243,2.4000000000000004,62
72,1244,6.599999999999987,86
72,1245,3.6999999999999957,60
72,1246,22.400000000000038,331
72,1247,11.399999999999972,134
72,1248,6.599999999999984,101
73,1249,1.79999999999999,86
73,1250,1.5,50
73,1251,4.399999999999995,64
73,1252,2.1999999999999975,57
73,1253,2.8999999999999986,52
73,1254,8.399999999999975,125
73,1255,5.399999999999995,62
73,1256,4.899999999999995,63
73,1257,9.999999999999973,138
73,1258,9.599999999999973,134
73,1259,5.499999999999996,69
73,1260,7.6999999999999815,106
74,1261,14.699999999999957,182
74,1262,15.89999999999997,176
74,1263,17.39999999999998,218
74,1264,7.099999999999982,106
74,1265,13.899999999999968,141
74,1266,7.199999999999983,101
74,1267,13.69999999999996,175
75,1268,15.79999999999998,211
75,1269,7.599999999999982,105
75,1270,4.599999999999994,66
75,1271,5.199999999999994,66
75,1272,6.499999999999984,97
75,1273,22.500000000000046,254
75,1274,3.1999999999999975,55
75,1275,6.399999999999974,138
76,1276,9.599999999999982,101
76,1277,4.299999999999988,87
76,1278,8.599999999999975,133
76,1279,1.9999999999999893,94
76,1280,10.799999999999972,134
76,1281,3.7999999999999954,61
76,1282,2.3999999999999897,86
76,1283,4.899999999999995,63
76,1284,4.399999999999995,64
76,1285,10.49999999999998,104
76,1286,3.599999999999989,86
77,1287,7.199999999999983,101
77,1288,4.19999999999999,101
77,1289,7.399999999999977,127
77,1290,6.299999999999985,95
77,1291,3.2999999999999803,122
77,1292,14.299999999999969,175
77,1293,4.699999999999994,67
77,1294,5.399999999999988,86
77,1295,-0.8999999999999986,50
77,1296,1.5,50
77,1297,5.799999999999985,99
78,1298,9.199999999999973,133
78,1299,5.299999999999994,67
78,1300,5.699999999999974,137
78,1301,4.999999999999995,64
78,1302,4.399999999999995,64
78,1303,4.999999999999993,70
78,1304,10.399999999999972,136
78,1305,4.999999999999995,64
78,1306,8.499999999999984,102
78,1307,6.999999999999973,138
79,1308,14.399999999999961,179
79,1309,6.999999999999982,105
79,1310,6.499999999999984,100
79,1311,2.9999999999999964,59
79,1312,12.49999999999997,139
79,1313,4.599999999999994,66
79,1314,8.699999999999983,98
79,1315,13.099999999999959,178
79,1316,4.499999999999995,65
79,1317,6.099999999999987,87
80,1318,7.499999999999984,98
80,1319,12.79999999999997,136
80,1320,8.099999999999984,98
80,1321,7.599999999999984,99
80,1322,7.199999999999974,134
80,1323,4.599999999999994,66
80,1324,6.299999999999983,104
80,1325,6.499999999999986,91
81,1326,17.500000000000004,213
81,1327,5.099999999999985,95
81,1328,4.599999999999994,66
81,1329,10.199999999999973,134
81,1330,9.49999999999998,106
81,1331,17.099999999999994,176
81,1332,10.399999999999972,133
81,1333,1.9999999999999973,94
81,1334,-0.8999999999999986,50
81,1335,11.39999999999997,140
82,1336,7.299999999999985,102
82,1337,3.999999999999999,66
82,1338,3.599999999999995,68
82,1339,12.699999999999962,165
82,1340,3.6999999999999957,60
82,1341,12.799999999999951,205
82,1342,4.799999999999995,62
82,1343,4.499999999999995,65
82,1344,5.499999999999995,63
82,1345,7.499999999999984,98
82,1346,-0.8999999999999986,50
83,1347,4.199999999999994,68
83,1348,6.999999999999984,99
83,1349,10.599999999999973,129
83,1350,3.599999999999996,59
83,1351,6.399999999999984,96
83,1352,11.099999999999971,137
83,1353,19.90000000000002,219
83,1354,13.39999999999997,136
84,1355,10.799999999999972,134
84,1356,2.899999999999997,58
84,1357,4.400000000000001,103
84,1358,4.299999999999995,63
84,1359,8.499999999999973,132
84,1360,9.799999999999955,199
84,1361,2.4999999999999964,63
84,1362,12.199999999999969,142
84,1363,3.1999999999999957,61
84,1364,4.0,66
85,1365,9.199999999999973,133
85,1366,4.999999999999995,64
85,1367,4.899999999999993,69
85,1368,3.7999999999999954,61
85,1369,6.699999999999983,102
85,1370,11.89999999999997,139
85,1371,4.1999999999999975,62
85,1372,21.800000000000036,253
85,1373,1.5999999999999988,66
85,1374,2.7999999999999967,66
85,1375,4.999999999999988,88
86,1376,31.5000000000002,365
86,1377,10.79999999999997,140
86,1378,5.799999999999986,96
86,1379,6.499999999999986,91
86,1380,9.299999999999983,98
86,1381,11.29999999999997,139
86,1382,3.7999999999999954,61
86,1383,-0.8999999999999986,50
87,1384,10.199999999999973,140
87,1385,21.700000000000067,252
87,1386,8.79999999999998,138
87,1387,5.699999999999978,122
87,1388,11.59999999999997,142
87,1389,5.099999999999978,122
87,1390,4.599999999999994,66
88,1391,7.499999999999975,137
88,1392,44.70000000000039,506
88,1393,-0.8999999999999986,50
88,1394,24.500000000000128,313
88,1395,6.199999999999992,70
89,1396,5.899999999999984,97
89,1397,6.899999999999977,122
89,1398,12.79999999999999,199
89,1399,14.999999999999961,212
89,1400,3.599999999999989,101
89,1401,13.799999999999969,140
90,1402,19.30000000000003,210
90,1403,12.599999999999962,164
90,1404,6.899999999999984,98
90,1405,37.00000000000036,507
90,1406,12.39999999999997,138
91,1407,8.099999999999982,104
91,1408,14.599999999999977,205
91,1409,14.399999999999977,164
91,1410,8.199999999999974,129
91,1411,37.80000000000026,407
92,1412,19.300000000000026,252
92,1413,15.599999999999973,179
92,1414,14.69999999999997,239
92,1415,11.499999999999973,141
92,1416,9.799999999999981,103
92,1417,10.199999999999962,170
93,1418,4.999999999999995,64
93,1419,8.799999999999983,105
93,1420,9.499999999999982,100
93,1421,27.600000000000186,329
93,1422,9.599999999999973,131
93,1423,13.49999999999996,173
93,1424,3.9000000000000012,65
93,1425,4.399999999999995,64
94,1426,30.800000000000253,442
94,1427,16.99999999999999,181
94,1428,16.499999999999993,215
95,1429,13.09999999999997,235
95,1430,25.900000000000176,348
95,1431,10.099999999999964,163
95,1432,17.500000000000007,276
95,1433,-0.8999999999999986,50
96,1434,21.1000000000001,276
96,1435,4.499999999999979,122
96,1436,2.9999999999999893,86
96,1437,9.899999999999974,128
96,1438,8.099999999999982,104
96,1439,7.799999999999988,101
96,1440,-0.8999999999999986,50
96,1441,6.499999999999984,100
96,1442,4.199999999999998,68
96,1443,3.6999999999999957,60
97,1444,3.8999999999999826,122
97,1445,7.499999999999988,104
97,1446,4.899999999999984,102
97,1447,35.90000000000034,502
97,1448,-0.8999999999999986,50
97,1449,3.6999999999999957,60
97,1450,4.399999999999993,70
97,1451,9.49999999999998,106
98,1452,10.999999999999954,199
98,1453,7.099999999999987,106
98,1454,1.7999999999999936,86
98,1455,18.100000000000026,219
98,1456,23.800000000000065,255
99,1457,37.30000000000029,441
99,1458,35.90000000000029,436
99,1459,3.0999999999999988,69
100,1460,24.700000000000152,348
100,1461,13.799999999999965,164
100,1462,19.600000000000012,216
100,1463,11.49999999999997,141
100,1464,10.299999999999976,141
100,1465,5.399999999999986,101
101,1466,12.399999999999958,183
101,1467,18.700000000000003,252
101,1468,29.900000000000183,352
101,1469,8.899999999999965,163
102,1470,29.200000000000152,327
102,1471,9.799999999999963,166
102,1472,6.399999999999986,90
102,1473,12.09999999999997,141
102,1474,24.90000000000008,254
103,1475,24.700000000000124,348
103,1476,19.50000000000004,245
103,1477,36.50000000000033,502
104,1478,22.00000000000004,255
104,1479,23.200000000000106,279
104,1480,16.599999999999987,183
104,1481,12.699999999999969,141
104,1482,10.799999999999972,134
105,1483,28.100000000000165,328
105,1484,15.700000000000006,237
105,1485,3.599999999999995,68
105,1486,11.89999999999997,139
105,1487,29.400000000000123,329
105,1488,5.399999999999997,68
106,1489,18.80000000000005,253
106,1490,7.6999999999999815,106
106,1491,4.199999999999994,68
106,1492,5.599999999999995,70
106,1493,3.599999999999996,59
106,1494,2.9999999999999893,86
106,1495,3.099999999999998,54
106,1496,17.200000000000028,312
107,1497,18.899999999999995,248
107,1498,6.899999999999983,104
107,1499,6.899999999999977,122
107,1500,4.799999999999988,86
107,1501,44.800000000000395,513
108,1502,11.29999999999997,139
108,1503,38.70000000000034,467
108,1504,11.399999999999961,179
109,1505,60.90000000000058,671
109,1506,10.79999999999997,140
109,1507,28.30000000000018,330
109,1508,-0.8999999999999986,50
109,1509,5.899999999999993,67
109,1510,-0.8999999999999986,50
110,1511,2.8999999999999986,52
110,1512,3.599999999999989,86
110,1513,1.299999999999999,54
110,1514,4.799999999999988,86
110,1515,2.3999999999999897,86
110,1516,6.199999999999992,70
110,1517,32.3000000000002,367
110,1518,-0.8999999999999986,50
111,1519,65.20000000000049,729
112,1520,104.59999999999829,1159
112,1521,18.500000000000014,217
113,1522,11.599999999999962,199
113,1523,25.300000000000168,348
113,1524,30.200000000000202,331
113,1525,7.199999999999985,92
114,1526,35.80000000000021,366
114,1527,3.899999999999995,104
114,1528,1.79999999999999,86
114,1529,11.19999999999997,138
114,1530,11.39999999999997,140
114,1531,3.599999999999996,68
115,1532,32.000000000000185,331
115,1533,41.00000000000041,520
115,1534,12.49999999999997,139
115,1535,11.39999999999997,140
116,1536,38.50000000000036,480
116,1537,7.499999999999982,104
116,1538,1.0000000000000009,66
116,1539,6.299999999999978,122
117,1540,48.900000000000546,704
117,1541,17.300000000000047,235
117,1542,8.599999999999977,127
117,1543,12.099999999999973,276
117,1544,4.299999999999997,69
117,1545,-0.8999999999999986,50
118,1546,26.10000000000013,278
118,1547,8.799999999999983,99
119,1548,64.50000000000033,800
119,1549,17.400000000000013,218
119,1550,18.100000000000023,219
120,1551,41.100000000000385,476
120,1552,14.099999999999957,182
120,1553,3.299999999999997,56
120,1554,23.20000000000006,255
120,1555,15.899999999999991,173
120,1556,4.899999999999997,69
120,1557,8.799999999999981,105
121,1558,16.5,254
121,1559,38.40000000000032,437
121,1560,13.399999999999968,142
121,1561,6.0999999999999925,69
121,1562,12.199999999999962,166
122,1563,8.499999999999975,141
122,1564,27.600000000000193,368
122,1565,25.700000000000145,295
122,1566,13.899999999999968,141
123,1567,27.80000000000018,331
123,1568,3.59999999999999,86
123,1569,13.399999999999958,181
123,1570,14.299999999999962,175
123,1571,4.799999999999994,68
123,1572,17.699999999999974,254
123,1573,0.39999999999999947,66
124,1574,43.700000000000365,478
124,1575,38.10000000000031,443
124,1576,8.599999999999982,103
125,1577,29.10000000000025,389
125,1578,47.50000000000044,591
126,1579,39.60000000000033,479
126,1580,24.400000000000063,255
126,1581,5.699999999999984,104
126,1582,16.599999999999973,216
127,1583,19.50000000000005,254
127,1584,36.300000000000274,401
127,1585,30.600000000000186,407
128,1586,59.90000000000066,736
128,1587,7.599999999999987,105
129,1588,15.100000000000005,219
129,1589,7.699999999999983,100
129,1590,19.600000000000026,216
129,1591,54.70000000000062,687
130,1592,5.999999999999988,101
130,1593,6.899999999999977,122
130,1594,7.6999999999999655,163
130,1595,11.19999999999997,138
130,1596,36.90000000000031,512
131,1597,4.399999999999993,70
131,1598,9.099999999999971,141
131,1599,8.999999999999982,101
131,1600,29.40000000000017,329
132,1601,49.5000000000005,593
132,1602,6.499999999999968,163
132,1603,7.499999999999977,122
132,1604,14.099999999999959,173
133,1605,34.60000000000024,366
133,1606,40.30000000000032,441
133,1607,5.099999999999984,104
133,1608,12.79999999999997,136
133,1609,12.99999999999996,174
134,1610,31.800000000000203,368
134,1611,6.199999999999992,70
134,1612,25.900000000000098,252
134,1613,28.30000000000019,330
134,1614,2.8999999999999986,52
135,1615,33.60000000000029,425
135,1616,-0.8999999999999986,50
135,1617,17.90000000000001,217
135,1618,4.1999999999999895,86
135,1619,19.900000000000013,219
136,1620,13.399999999999958,181
136,1621,9.39999999999998,105
136,1622,4.599999999999994,66
136,1623,15.700000000000003,252
136,1624,0.20000000000000195,70
136,1625,2.3999999999999986,53
136,1626,-0.8999999999999986,50
136,1627,23.500000000000085,276
137,1628,34.40000000000031,481
137,1629,11.599999999999962,181
137,1630,5.899999999999977,139
137,1631,6.499999999999993,67
137,1632,16.999999999999993,181
138,1633,10.899999999999933,276
138,1634,16.1,217
138,1635,18.400000000000006,216
138,1636,8.599999999999982,103
138,1637,5.199999999999986,105
139,1638,30.900000000000215,365
139,1639,20.400000000000013,218
139,1640,5.799999999999994,66
139,1641,1.799999999999991,86
139,1642,28.50000000000015,323
140,1643,18.90000000000006,293
140,1644,13.19999999999995,218
140,1645,8.799999999999981,105
141,1646,50.600000000000485,592
141,1647,2.6999999999999993,50
141,1648,11.49999999999997,141
141,1649,24.300000000000153,332
141,1650,14.999999999999956,179
141,1651,5.299999999999994,67
141,1652,14.399999999999965,218
142,1653,13.49999999999996,182
142,1654,10.999999999999972,136
142,1655,28.400000000000148,364
142,1656,11.19999999999996,183
143,1657,50.000000000000526,592
143,1658,12.099999999999959,180
143,1659,5.899999999999993,67
144,1660,57.40000000000051,555
144,1661,-0.8999999999999986,50
144,1662,29.200000000000177,327
144,1663,9.499999999999972,139
144,1664,20.000000000000007,253
145,1665,14.800000000000002,216
145,1666,62.70000000000044,800
146,1667,33.80000000000026,403
146,1668,7.899999999999983,102
146,1669,11.399999999999954,218
146,1670,5.999999999999984,101
146,1671,7.69999999999998,124
147,1672,16.300000000000086,276
147,1673,-0.8999999999999986,50
147,1674,10.599999999999971,138
147,1675,2.9999999999999982,53
147,1676,21.70000000000008,276
147,1677,10.099999999999968,163
148,1678,37.70000000000035,478
148,1679,39.200000000000394,538
149,1680,50.40000000000049,557
149,1681,6.899999999999977,122
149,1682,21.7000000000001,288
149,1683,16.6,216
150,1684,7.799999999999985,101
150,1685,26.400000000000116,296
150,1686,49.90000000000052,615
150,1687,6.199999999999992,70
151,1688,5.999999999999993,68
151,1689,30.200000000000173,331
151,1690,14.799999999999972,174
151,1691,34.60000000000022,366
152,1692,31.1000000000002,367
152,1693,50.300000000000544,634
152,1694,4.599999999999994,66
154,1695,95.49999999999855,1197
154,1696,7.699999999999983,97
154,1697,47.500000000000455,630
154,1698,10.09999999999998,106
155,1699,58.70000000000058,634
155,1700,9.199999999999982,103
156,1701,40.2000000000004,557
156,1702,17.100000000000037,215
157,1703,88.69999999999916,964
157,1704,7.199999999999987,101
157,1705,42.6000000000003,479
158,1706,10.19999999999997,140
158,1707,54.3000000000006,671
158,1708,5.199999999999991,105
158,1709,12.99999999999997,138
159,1710,5.199999999999994,66
159,1711,15.299999999999958,176
159,1712,6.399999999999983,105
159,1713,32.500000000000185,330
159,1714,1.6999999999999984,67
160,1715,47.80000000000043,594
161,1716,87.29999999999922,971
161,1717,65.60000000000024,748
162,1718,10.499999999999961,182
162,1719,38.80000000000034,444
162,1720,12.599999999999948,218
162,1721,5.7999999999999865,105
163,1722,58.80000000000055,635
163,1723,26.100000000000122,332
163,1724,4.9999999999999964,70
163,1725,-5.099999999999998,50
164,1726,39.00000000000031,431
165,1727,117.89999999999698,1538
165,1728,1.2000000000000015,53
165,1729,-7.499999999999998,50
166,1730,24.00000000000008,296
166,1731,6.899999999999989,104
166,1732,-0.8999999999999986,50
166,1733,7.0999999999999694,235
167,1734,63.80000000000042,748
167,1735,7.399999999999961,199
167,1736,15.599999999999977,209
169,1737,105.39999999999772,1311
169,1738,33.8000000000002,331
169,1739,46.80000000000043,557
169,1740,10.09999999999998,106
170,1741,23.800000000000125,312
170,1742,50.20000000000045,594
171,1743,46.600000000000435,705
171,1744,30.90000000000022,389
172,1745,41.30000000000041,574
172,1746,9.699999999999974,132
172,1747,11.599999999999962,199
173,1748,17.99999999999999,218
173,1749,45.2000000000004,520
173,1750,38.70000000000025,365
174,1751,22.900000000000123,348
174,1752,26.400000000000194,368
174,1753,20.800000000000097,255
175,1754,24.30000000000008,254
175,1755,1.7999999999999963,86
175,1756,32.60000000000021,331
176,1757,51.40000000000057,651
176,1758,62.70000000000061,671
177,1759,51.50000000000049,556
177,1760,18.80000000000005,253
177,1761,18.600000000000044,218
177,1762,7.099999999999982,106
178,1763,37.800000000000374,479
178,1764,15.499999999999954,217
178,1765,10.299999999999933,276
178,1766,6.299999999999978,122
179,1767,8.299999999999983,100
179,1768,10.699999999999964,163
179,1769,3.899999999999995,65
179,1770,21.50000000000004,217
179,1771,25.70000000000011,295
179,1772,7.599999999999989,105
180,1773,51.80000000000046,520
180,1774,2.7999999999999994,66
180,1775,7.399999999999983,103
180,1776,31.30000000000021,330
180,1777,5.999999999999993,68
181,1778,10.499999999999963,167
181,1779,9.89999999999998,104
181,1780,65.70000000000029,782
182,1781,51.40000000000046,555
182,1782,10.09999999999998,106
182,1783,1.2999999999999985,69
183,1784,72.49999999999947,1084
184,1785,45.00000000000038,518
184,1786,29.10000000000021,332
184,1787,5.299999999999997,67
185,1788,96.39999999999856,1068
185,1789,9.499999999999972,139
185,1790,13.299999999999969,141
186,1791,38.4000000000003,440
186,1792,10.69999999999998,106
186,1793,7.099999999999982,106
186,1794,10.099999999999964,163
187,1795,34.60000000000025,390
187,1796,12.09999999999997,141
187,1797,25.100000000000108,295
187,1798,10.39999999999996,181
188,1799,118.09999999999759,1264
189,1800,19.800000000000068,296
189,1801,42.300000000000374,521
190,1802,34.00000000000025,405
190,1803,71.00000000000006,820
191,1804,26.500000000000124,282
191,1805,1.9999999999999982,55
191,1806,20.200000000000056,255
191,1807,29.8000000000002,366
192,1808,8.89999999999998,106
192,1809,36.2000000000003,409
192,1810,20.10000000000005,389
192,1811,5.899999999999993,67
193,1812,13.999999999999996,199
193,1813,33.30000000000031,461
193,1814,26.400000000000166,329
193,1815,3.899999999999981,122
194,1816,6.099999999999987,87
194,1817,60.90000000000053,728
194,1818,7.799999999999988,101
194,1819,6.899999999999983,104
195,1820,18.800000000000026,292
195,1821,5.399999999999995,62
195,1822,21.900000000000055,254
195,1823,7.999999999999982,103
195,1824,29.200000000000166,324
196,1825,67.60000000000042,783
197,1826,49.80000000000047,557
197,1827,38.300000000000466,574
198,1828,15.79999999999999,205
198,1829,14.899999999999974,175
198,1830,24.800000000000146,331
198,1831,11.599999999999962,199
199,1832,46.600000000000406,522
199,1833,26.400000000000098,368
199,1834,26.300000000000118,295
200,1835,88.09999999999896,1045
201,1836,40.10000000000031,445
201,1837,3.6999999999999957,60
201,1838,5.699999999999983,104
202,1839,60.7000000000007,747
202,1840,34.60000000000024,444
203,1841,27.500000000000135,406
203,1842,39.40000000000028,444
203,1843,18.600000000000026,218
204,1844,43.100000000000335,445
204,1845,60.30000000000061,671
205,1846,68.6000000000002,703
205,1847,14.799999999999956,183
206,1848,57.60000000000061,707
206,1849,39.400000000000304,444
206,1850,12.39999999999997,138
207,1851,13.899999999999958,180
207,1852,16.299999999999997,219
207,1853,5.699999999999978,122
208,1854,131.49999999999685,1497
209,1855,17.20000000000003,216
209,1856,13.399999999999968,142
209,1857,-1.4999999999999982,50
209,1858,7.099999999999984,106
209,1859,45.700000000000465,591
210,1860,73.40000000000015,748
211,1861,36.400000000000304,444
211,1862,46.20000000000037,479
212,1863,56.40000000000054,635
213,1864,103.99999999999847,1087
213,1865,5.999999999999993,68
213,1866,43.200000000000315,479
214,1867,36.000000000000334,479
215,1868,92.1999999999987,1191
215,1869,8.799999999999981,105
215,1870,0.20000000000000195,70
215,1871,13.299999999999969,276
216,1872,26.700000000000188,332
216,1873,12.499999999999972,139
216,1874,7.8999999999999755,126
216,1875,7.699999999999969,163
216,1876,14.199999999999969,138
217,1877,38.600000000000286,442
217,1878,29.70000000000026,389
217,1879,7.399999999999972,142
218,1880,42.60000000000032,440
219,1881,77.99999999999967,890
219,1882,2.9999999999999982,53
219,1883,51.700000000000536,591
221,1884,131.79999999999583,1722
221,1885,51.10000000000059,669
222,1886,55.600000000000556,633
222,1887,22.30000000000012,276
223,1888,14.59999999999997,166
223,1889,76.39999999999992,820
224,1890,23.400000000000073,251
224,1891,9.099999999999971,141
224,1892,44.60000000000042,538
224,1893,17.99999999999999,251
225,1894,10.59999999999996,183
225,1895,-0.8999999999999986,50
225,1896,-0.8999999999999986,50
225,1897,3.599999999999996,68
225,1898,4.499999999999986,104
225,1899,28.700000000000145,295
225,1900,23.800000000000086,255
226,1901,28.30000000000021,348
227,1902,83.29999999999964,895
227,1903,48.60000000000045,557
228,1904,31.600000000000215,366
229,1905,84.59999999999934,1046
229,1906,3.1999999999999957,61
229,1907,22.400000000000077,292
229,1908,38.6000000000003,481
230,1909,7.499999999999989,104
230,1910,78.89999999999982,1010
232,1911,88.69999999999942,1039
232,1912,7.099999999999982,106
232,1913,20.9000000000001,295
232,1914,35.40000000000026,407
233,1915,33.90000000000023,401
234,1916,97.9999999999984,1342
234,1917,2.9999999999999893,86
234,1918,11.699999999999978,137
234,1919,7.39999999999999,103
235,1920,52.70000000000056,634
236,1921,67.4000000000004,703
236,1922,33.000000000000206,362
237,1923,117.09999999999751,1236
237,1924,10.09999999999998,106
238,1925,93.09999999999886,1026
239,1926,34.10000000000027,436
240,1927,90.69999999999898,1086
240,1928,0.2000000000000024,70
240,1929,43.40000000000044,538
240,1930,4.999999999999984,103
242,1931,108.59999999999805,1313
242,1932,2.3999999999999932,86
242,1933,20.200000000000077,255
242,1934,26.900000000000123,295
243,1935,37.10000000000026,445
243,1936,18.400000000000002,255
243,1937,10.09999999999998,106
244,1938,51.50000000000049,556
244,1939,25.800000000000196,368
245,1940,95.3999999999988,1103
246,1941,62.60000000000051,670
246,1942,28.70000000000016,367
247,1943,27.300000000000153,389
247,1944,2.000000000000003,70
247,1945,53.70000000000054,671
247,1946,11.199999999999962,183
248,1947,1.400000000000003,70
248,1948,32.80000000000022,366
248,1949,-4.499999999999998,50
248,1950,28.20000000000012,329
248,1951,17.59999999999999,181
249,1952,76.19999999999973,842
249,1953,5.999999999999993,68
250,1954,55.50000000000048,671
251,1955,78.79999999999966,814
251,1956,19.20000000000004,218
252,1957,93.59999999999884,1007
253,1958,82.0999999999994,895
254,1959,61.700000000000614,841
254,1960,29.20000000000015,366
255,1961,108.19999999999789,1270
256,1962,73.1,784
257,1963,93.49999999999834,1123
259,1964,188.39999999999344,1991
260,1965,112.4999999999981,1154
260,1966,-1.4999999999999978,50
261,1967,43.50000000000032,443
261,1968,8.89999999999998,106
263,1969,160.3999999999953,1831
263,1970,8.499999999999972,141
263,1971,17.90000000000005,217
263,1972,53.50000000000053,615
264,1973,5.599999999999991,88
264,1974,-0.8999999999999986,50
265,1975,73.0999999999999,913
266,1976,115.3999999999976,1216
266,1977,30.50000000000024,367
266,1978,37.20000000000034,437
267,1979,16.399999999999977,181
267,1980,18.80000000000003,253
267,1981,26.200000000000173,312
268,1982,59.40000000000061,701
268,1983,12.199999999999969,142
268,1984,17.70000000000001,182
268,1985,-0.8999999999999986,50
269,1986,73.59999999999997,783
269,1987,7.39999999999999,103
269,1988,30.700000000000202,330
270,1989,22.10000000000005,250
270,1990,3.1999999999999984,70
270,1991,39.70000000000031,552
271,1992,43.60000000000035,555
271,1993,50.20000000000056,651
272,1994,53.10000000000051,671
272,1995,7.099999999999982,106
273,1996,23.7000000000001,332
273,1997,58.50000000000053,593
273,1998,-0.8999999999999986,50
273,1999,12.999999999999961,183
273,2000,3.1999999999999984,70
274,2001,29.700000000000202,389
274,2002,17.30000000000003,217
275,2003,84.4999999999994,817
275,2004,19.300000000000022,213
275,2005,18.300000000000004,215
275,2006,12.299999999999963,167
276,2007,61.400000000000595,664
276,2008,10.69999999999998,106
277,2009,104.29999999999798,1252
278,2010,40.50000000000038,461
278,2011,3.699999999999995,69
278,2012,24.300000000000068,254
278,2013,14.099999999999937,254
280,2014,116.69999999999732,1349
280,2015,21.90000000000003,254
280,2016,6.899999999999977,122
280,2017,2.6999999999999993,50
280,2018,12.299999999999962,182
280,2019,3.599999999999989,86
280,2020,6.199999999999992,70
281,2021,10.099999999999982,106
281,2022,33.10000000000022,363
281,2023,22.200000000000053,218
281,2024,24.900000000000155,332
282,2025,38.20000000000029,516
282,2026,24.200000000000074,331
284,2027,145.4999999999954,1745
284,2028,9.799999999999972,142
284,2029,18.1,210
285,2030,25.600000000000108,255
286,2031,75.0999999999999,954
286,2032,82.09999999999954,958
287,2033,14.299999999999951,217
287,2034,14.999999999999991,218
287,2035,3.599999999999989,86
287,2036,14.699999999999962,182
287,2037,-0.8999999999999986,50
287,2038,3.8999999999999826,122
288,2039,49.00000000000044,594
289,2040,90.99999999999905,1044
289,2041,12.599999999999934,296
289,2042,4.899999999999997,69
290,2043,47.000000000000405,520
290,2044,12.199999999999974,142
290,2045,55.00000000000054,594
291,2046,14.699999999999958,182
291,2047,10.09999999999998,106
291,2048,45.10000000000038,480
291,2049,6.699999999999992,69
292,2050,66.70000000000037,738
292,2051,4.4999999999999964,104
292,2052,31.700000000000223,367
293,2053,9.099999999999971,141
293,2054,11.499999999999977,141
294,2055,154.19999999999558,1574
295,2056,90.49999999999888,973
296,2057,78.69999999999942,897
296,2058,19.100000000000005,295
297,2059,21.50000000000005,250
297,2060,39.300000000000345,521
297,2061,9.199999999999982,103
298,2062,21.80000000000005,244
298,2063,5.899999999999989,106
298,2064,8.799999999999981,105
298,2065,16.10000000000003,235
298,2066,11.199999999999958,183
300,2067,193.1999999999933,2063
301,2068,38.300000000000495,634
301,2069,2.799999999999999,51
301,2070,33.00000000000021,407
302,2071,17.20000000000006,312
302,2072,56.400000000000574,635
303,2073,108.49999999999784,1312
304,2074,52.20000000000045,590
305,2075,74.99999999999993,818
305,2076,11.099999999999966,215
305,2077,27.500000000000153,367
306,2078,5.299999999999978,163
306,2079,-1.4999999999999978,50
306,2080,23.700000000000145,332
306,2081,12.59999999999997,140
306,2082,23.100000000000122,332
306,2083,-0.8999999999999986,50
306,2084,2.6999999999999975,56
307,2085,83.5999999999991,1009
308,2086,40.70000000000041,502
308,2087,24.90000000000011,332
308,2088,8.599999999999978,142
308,2089,7.099999999999984,106
309,2090,14.899999999999958,217
309,2091,13.799999999999935,296
309,2092,20.200000000000117,294
310,2093,96.49999999999834,1123
312,2094,112.69999999999796,1312
312,2095,38.10000000000039,521
313,2096,43.200000000000415,518
314,2097,115.49999999999775,1271
314,2098,38.500000000000284,408
316,2099,122.79999999999733,1272
317,2100,165.09999999999454,1914
318,2101,10.399999999999972,142
318,2102,73.99999999999987,931
319,2103,14.599999999999989,181
319,2104,4.899999999999997,69
319,2105,11.099999999999962,182
319,2106,7.699999999999985,106
319,2107,6.0999999999999925,69
319,2108,19.19999999999999,296
319,2109,6.0999999999999925,69
320,2110,15.899999999999999,254
320,2111,4.899999999999993,69
320,2112,12.799999999999969,142
320,2113,5.799999999999984,105
320,2114,17.200000000000056,255
321,2115,43.1000000000004,556
321,2116,8.799999999999981,105
321,2117,36.40000000000025,444
321,2118,12.199999999999974,199
322,2119,13.899999999999968,141
322,2120,27.600000000000197,368
322,2121,9.399999999999975,123
322,2122,9.99999999999996,183
323,2123,76.30000000000003,1008
324,2124,42.700000000000315,552
324,2125,48.40000000000038,522
324,2126,3.7,69
324,2127,6.499999999999983,106
325,2128,84.19999999999935,931
327,2129,140.79999999999623,1539
328,2130,110.59999999999768,1381
329,2131,94.69999999999877,1117
330,2132,63.100000000000676,702
330,2133,19.100000000000072,235
330,2134,13.399999999999988,199
331,2135,8.89999999999998,106
331,2136,23.200000000000085,255
331,2137,2.299999999999998,67
331,2138,10.999999999999975,136
331,2139,5.799999999999994,66
332,2140,54.000000000000554,626
332,2141,70.80000000000022,746
333,2142,38.700000000000344,443
333,2143,36.80000000000024,409
334,2144,39.30000000000033,461
334,2145,64.90000000000038,747
335,2146,14.999999999999947,218
336,2147,121.09999999999721,1384
336,2148,2.600000000000003,70
338,2149,174.59999999999343,2063
338,2150,6.499999999999982,106
338,2151,14.599999999999968,142
339,2152,47.20000000000041,555
339,2153,45.60000000000038,557
340,2154,73.9,780
340,2155,4.3999999999999995,70
342,2156,194.29999999999322,2140
342,2157,3.8,70
343,2158,32.10000000000028,461
344,2159,68.0000000000004,781
344,2160,10.099999999999966,163
344,2161,4.399999999999988,88
344,2162,45.10000000000041,558
345,2163,36.90000000000031,443
345,2164,13.899999999999961,180
345,2165,19.100000000000012,217
346,2166,35.600000000000264,409
346,2167,17.49999999999997,219
346,2168,10.09999999999998,106
346,2169,5.899999999999983,106
347,2170,46.90000000000042,558
347,2171,45.10000000000035,474
348,2172,127.79999999999686,1379
348,2173,7.599999999999985,105
349,2174,32.30000000000024,445
349,2175,9.499999999999982,106
350,2176,63.40000000000056,729
350,2177,33.50000000000019,391
351,2178,32.10000000000023,389
351,2179,52.10000000000047,574
352,2180,75.7000000000001,897
352,2181,12.49999999999999,163
353,2182,45.80000000000036,481
353,2183,75.19999999999992,820
354,2184,39.30000000000034,461
354,2185,25.200000000000102,296
355,2186,41.10000000000034,461
355,2187,24.600000000000108,296
355,2188,4.599999999999986,105
355,2189,6.299999999999983,104
355,2190,19.400000000000095,331
356,2191,60.600000000000605,707
356,2192,38.9000000000003,445
358,2193,113.29999999999781,1234
358,2194,44.60000000000037,475
358,2195,33.20000000000017,331
361,2196,220.8999999999914,2514
361,2197,6.299999999999978,122
361,2198,6.299999999999978,122
362,2199,85.99999999999925,931
363,2200,113.39999999999752,1235
364,2201,61.10000000000065,706
365,2202,53.600000000000584,670
365,2203,41.80000000000035,444
366,2204,50.900000000000496,574
367,2205,85.89999999999921,954
367,2206,2.8999999999999986,52
367,2207,73.6999999999999,841
369,2208,104.09999999999806,1121
369,2209,41.8000000000003,444
369,2210,2.8999999999999986,52
370,2211,57.700000000000585,687
370,2212,39.10000000000036,480
370,2213,6.199999999999992,70
372,2214,121.79999999999659,1574
372,2215,45.600000000000364,548
374,2216,175.49999999999434,1895
375,2217,48.00000000000044,635
376,2218,133.7999999999962,1574
377,2219,60.10000000000052,687
378,2220,85.89999999999898,1032
378,2221,31.300000000000196,363
379,2222,18.100000000000026,219
380,2223,137.79999999999646,1539
381,2224,42.80000000000033,481
381,2225,9.799999999999956,199
381,2226,45.20000000000044,553
381,2227,16.70000000000006,235
383,2228,100.19999999999874,1085
383,2229,38.10000000000031,443
383,2230,46.200000000000394,479
385,2231,188.29999999999353,2062
386,2232,25.700000000000113,295
386,2233,17.69999999999999,254
386,2234,3.599999999999996,68
388,2235,183.89999999999333,2084
389,2236,103.19999999999838,1037
390,2237,42.10000000000035,480
391,2238,109.59999999999798,1200
391,2239,-0.8999999999999986,50
391,2240,20.700000000000024,326
391,2241,2.8999999999999897,163
391,2242,-0.8999999999999986,50
393,2243,145.89999999999586,1575
393,2244,23.000000000000107,331
395,2245,190.29999999999262,2253
398,2246,225.29999999999112,2705
399,2247,41.50000000000034,480
399,2248,79.59999999999974,861
402,2249,230.3999999999903,2591
402,2250,47.00000000000036,481
404,2251,170.29999999999467,1801
407,2252,241.39999999999074,2509
409,2253,276.1999999999946,2854
410,2254,41.20000000000035,477
411,2255,115.79999999999735,1313
413,2256,137.0999999999966,1460
413,2257,19.500000000000014,215
413,2258,-0.8999999999999986,50
413,2259,15.09999999999997,141
413,2260,28.200000000000184,368
414,2261,98.69999999999857,1121
415,2262,55.400000000000574,631
416,2263,51.70000000000054,669
416,2264,65.10000000000029,728
417,2265,33.40000000000022,366
417,2266,45.000000000000455,557
418,2267,48.700000000000465,558
418,2268,8.199999999999983,105
419,2269,105.39999999999756,1233
419,2270,16.200000000000003,218
420,2271,22.000000000000053,249
420,2272,32.0000000000002,409
420,2273,6.199999999999992,70
420,2274,22.80000000000006,218
421,2275,34.30000000000028,408
421,2276,7.899999999999984,141
422,2277,139.99999999999628,1555
424,2278,122.69999999999726,1310
424,2279,12.399999999999961,183
424,2280,3.1999999999999984,70
424,2281,29.100000000000176,332
424,2282,3.200000000000002,70
427,2283,214.69999999999106,2608
427,2284,50.700000000000465,554
427,2285,3.5000000000000036,106
428,2286,53.20000000000058,651
430,2287,183.29999999999302,2156
431,2288,41.60000000000035,481
431,2289,14.999999999999968,203
431,2290,27.200000000000152,331
432,2291,100.79999999999875,1046
433,2292,34.20000000000021,368
433,2293,59.20000000000056,651
433,2294,15.999999999999968,183
433,2295,6.199999999999992,70
434,2296,28.900000000000183,348
434,2297,10.89999999999997,141
434,2298,-5.699999999999998,50
434,2299,18.500000000000007,217
435,2300,122.0999999999975,1271
436,2301,17.80000000000002,216
436,2302,5.499999999999993,69
437,2303,135.19999999999635,1555
438,2304,105.19999999999835,1087
439,2305,45.70000000000045,558
440,2306,98.99999999999828,1235
442,2307,173.2999999999948,1873
443,2308,69.4000000000004,933
443,2309,44.10000000000035,443
444,2310,89.39999999999905,974
444,2311,9.39999999999996,183
445,2312,50.700000000000415,554
445,2313,15.599999999999987,170
445,2314,4.9999999999999964,70
445,2315,17.600000000000012,205
445,2316,5.699999999999987,104
446,2317,33.00000000000028,425
446,2318,59.40000000000056,635
447,2319,37.800000000000274,440
447,2320,20.90000000000005,217
448,2321,128.0999999999967,1460
449,2322,23.500000000000117,348
450,2323,79.59999999999947,861
450,2324,48.90000000000049,593
450,2325,3.200000000000002,70
450,2326,15.099999999999977,204
451,2327,4.3,69
451,2328,39.00000000000027,407
451,2329,36.700000000000294,480
451,2330,-0.8999999999999986,50
452,2331,40.00000000000029,555
452,2332,5.299999999999974,163
453,2333,74.99999999999991,896
453,2334,3.899999999999981,122
453,2335,6.899999999999977,122
453,2336,-0.8999999999999986,50
453,2337,7.699999999999983,97
454,2338,46.400000000000425,538
454,2339,21.900000000000063,254
454,2340,6.299999999999978,122
455,2341,18.40000000000006,255
455,2342,6.599999999999987,86
455,2343,14.599999999999968,142
455,2344,23.200000000000063,255
455,2345,35.60000000000027,409
456,2346,37.90000000000027,408
456,2347,47.50000000000046,558
457,2348,43.100000000000335,445
458,2349,71.29999999999988,913
459,2350,97.49999999999856,1010
459,2351,22.600000000000076,255
459,2352,1.400000000000003,70
460,2353,60.20000000000061,670
460,2354,-0.8999999999999986,50
460,2355,41.10000000000034,461
462,2356,178.39999999999395,1948
465,2357,240.19999999999027,2704
465,2358,12.89999999999997,137
467,2359,189.799999999993,2089
467,2360,9.099999999999982,102
469,2361,161.39999999999515,1796
469,2362,4.599999999999994,66
469,2363,53.400000000000546,635
470,2364,47.40000000000041,503
471,2365,89.09999999999886,1010
471,2366,49.200000000000415,590
472,2367,33.100000000000186,363
472,2368,8.899999999999965,163
472,2369,1.8999999999999981,69
472,2370,18.10000000000005,276
472,2371,3.699999999999995,69
473,2372,8.299999999999983,106
473,2373,69.40000000000032,705
474,2374,68.90000000000025,775
474,2375,31.200000000000195,368
475,2376,31.300000000000175,330
475,2377,45.90000000000053,671
476,2378,37.50000000000028,443
476,2379,67.2000000000002,746
477,2380,58.00000000000053,594
477,2381,18.20000000000001,181
479,2382,117.99999999999733,1329
479,2383,1.400000000000003,70
479,2384,25.200000000000127,296
479,2385,8.799999999999981,105
479,2386,8.299999999999983,106
479,2387,6.499999999999988,106
479,2388,27.300000000000153,332
480,2389,12.799999999999983,199
481,2390,150.69999999999555,1686
482,2391,40.700000000000315,445
482,2392,50.20000000000049,594
484,2393,196.6999999999933,2140
485,2394,1.3999999999999981,70
485,2395,3.6999999999999966,69
486,2396,179.5999999999944,1837
487,2397,46.80000000000039,557
487,2398,35.60000000000022,364
488,2399,83.09999999999957,860
490,2400,140.89999999999543,1801
491,2401,128.89999999999677,1462
493,2402,160.59999999999476,1800
494,2403,57.90000000000052,593
494,2404,76.09999999999972,802
496,2405,101.19999999999844,1122
496,2406,35.40000000000031,425
496,2407,13.699999999999978,235
496,2408,8.599999999999982,103
497,2409,56.50000000000054,615
497,2410,20.800000000000097,312
497,2411,13.599999999999957,183
498,2412,108.89999999999807,1121
499,2413,29.500000000000167,330
500,2414,70.8000000000003,896
500,2415,28.500000000000167,332
500,2416,33.00000000000022,368
503,2417,203.19999999999257,2250
504,2418,157.79999999999526,1763
506,2419,131.99999999999716,1313
506,2420,59.40000000000058,635
506,2421,21.100000000000033,219
508,2422,158.59999999999502,1798
510,2423,163.59999999999468,1800
510,2424,52.90000000000045,558
511,2425,52.30000000000046,543
511,2426,5.299999999999985,106
513,2427,229.99999999999116,2476
514,2428,94.89999999999878,1026
515,2429,43.90000000000045,669
516,2430,46.0000000000004,477
517,2431,193.5999999999937,1950
518,2432,25.40000000000008,253
519,2433,106.89999999999822,1236
520,2434,93.799999999999,1009
520,2435,23.400000000000105,290
522,2436,127.69999999999672,1462
522,2437,27.00000000000012,296
522,2438,14.399999999999965,218
522,2439,26.900000000000137,367
523,2440,-0.8999999999999986,50
524,2441,161.79999999999504,1722
527,2442,209.59999999999195,2509
527,2443,4.799999999999997,68
527,2444,38.40000000000029,425
527,2445,3.1999999999999984,70
527,2446,8.099999999999987,104
528,2447,38.10000000000036,461
529,2448,88.99999999999912,931
530,2449,113.29999999999696,1462
531,2450,38.90000000000042,556
531,2451,13.09999999999997,235
531,2452,44.80000000000038,462
532,2453,36.900000000000254,443
533,2454,119.79999999999748,1200
534,2455,73.70000000000013,784
535,2456,101.4999999999978,1293
536,2457,76.79999999999964,896
536,2458,15.399999999999963,183
537,2459,69.70000000000026,747
537,2460,24.40000000000007,255
537,2461,6.999999999999983,105
538,2462,79.6999999999999,1084
538,2463,28.100000000000158,295
542,2464,277.5999999999942,3156
542,2465,5.899999999999983,106
543,2466,144.59999999999636,1496
544,2467,43.70000000000034,445
545,2468,120.79999999999703,1348
545,2469,23.700000000000053,248
545,2470,1.7999999999999936,86
547,2471,128.09999999999678,1418
547,2472,7.699999999999983,106
548,2473,75.29999999999978,860
549,2474,136.29999999999634,1575
549,2475,9.39999999999998,105
551,2476,186.79999999999367,2026
552,2477,62.400000000000475,764
552,2478,31.600000000000186,366
554,2479,138.99999999999633,1539
554,2480,3.599999999999989,86
554,2481,57.50000000000056,634
556,2482,184.0999999999935,1990
557,2483,56.8000000000005,594
558,2484,92.79999999999885,1122
560,2485,161.3999999999954,1652
561,2486,146.69999999999578,1688
561,2487,-0.8999999999999986,50
561,2488,8.299999999999981,106
562,2489,80.99999999999963,896
562,2490,-3.899999999999998,50
563,2491,45.800000000000395,481
563,2492,-6.299999999999999,50
564,2493,139.59999999999604,1611
565,2494,11.499999999999964,165
565,2495,14.69999999999998,182
565,2496,-7.499999999999998,50
567,2497,181.79999999999347,2063
567,2498,30.300000000000168,332
567,2499,4.099999999999984,106
568,2500,58.10000000000056,634
568,2501,-7.499999999999998,50
568,2502,-7.499999999999998,50
568,2503,-6.299999999999999,50
570,2504,164.3999999999944,1913
571,2505,111.09999999999782,1236
571,2506,4.9999999999999964,70
575,2507,353.20000000001903,4380
576,2508,-0.6000000000000005,86
576,2509,70.40000000000015,748
578,2510,158.79999999999444,1989
578,2511,19.20000000000004,218
579,2512,54.700000000000536,615
580,2513,63.00000000000058,635
581,2514,102.49999999999824,1123
581,2515,2.9999999999999893,86
583,2516,155.599999999995,1837
583,2517,-0.8999999999999986,50
583,2518,-8.099999999999998,50
586,2519,325.3000000000078,3666
588,2520,115.59999999999764,1200
588,2521,-7.499999999999998,50
588,2522,-8.7,50
588,2523,-6.899999999999999,50
588,2524,-3.299999999999998,50
588,2525,-7.499999999999998,50
588,2526,-0.8999999999999986,50
588,2527,37.90000000000029,480
588,2528,-8.7,50
588,2529,-3.299999999999998,50
589,2530,25.700000000000117,295
589,2531,-2.699999999999998,50
589,2532,8.89999999999998,106
589,2533,-4.499999999999998,50
589,2534,-7.499999999999998,50
589,2535,28.60000000000017,324
590,2536,31.80000000000028,425
590,2537,43.900000000000496,615
590,2538,21.300000000000026,254
591,2539,5.999999999999993,68
592,2540,122.59999999999695,1333
592,2541,28.200000000000177,329
592,2542,-4.499999999999998,50
592,2543,-4.499999999999998,50
592,2544,-6.299999999999999,50
593,2545,32.1000000000002,332
594,2546,142.69999999999584,1591
594,2547,-7.499999999999998,50
594,2548,-5.699999999999998,50
595,2549,56.50000000000055,669
596,2550,53.400000000000475,557
597,2551,136.19999999999612,1574
597,2552,4.9999999999999964,70
597,2553,10.999999999999973,142
600,2554,274.69999999999476,2947
600,2555,4.699999999999985,163
600,2556,-2.699999999999998,50
605,2557,425.3000000000294,4642
605,2558,2.399999999999998,68
606,2559,93.39999999999894,1002
608,2560,229.99999999999136,2626
609,2561,89.99999999999925,974
609,2562,2.1000000000000014,44
610,2563,-1.4999999999999982,50
610,2564,63.90000000000042,800
613,2565,223.49999999999142,2423
614,2566,112.89999999999786,1236
614,2567,7.399999999999983,103
614,2568,39.20000000000036,481
615,2569,46.600000000000456,522
615,2570,6.199999999999992,70
617,2571,223.19999999999146,2459
618,2572,91.49999999999902,1043
620,2573,129.69999999999678,1497
622,2574,241.89999999999034,2586
623,2575,44.80000000000042,594
624,2576,147.99999999999633,1494
625,2577,6.999999999999982,105
625,2578,61.10000000000066,745
626,2579,80.0999999999998,854
627,2580,100.99999999999862,1081
629,2581,139.9999999999963,1498
629,2582,-0.8999999999999986,50
630,2583,71.50000000000001,858
632,2584,160.99999999999437,2026
633,2585,94.39999999999876,1159
633,2586,14.499999999999956,213
633,2587,38.800000000000324,444
634,2588,17.500000000000078,276
635,2589,119.69999999999727,1271
635,2590,4.399999999999997,70
636,2591,74.29999999999995,784
637,2592,128.89999999999677,1462
640,2593,262.59999999999104,2889
641,2594,126.99999999999648,1494
642,2595,75.2999999999998,860
647,2596,461.40000000003806,5114
650,2597,243.79999999999038,2626
651,2598,129.79999999999703,1348
651,2599,34.10000000000025,445
652,2600,7.099999999999982,106
652,2601,70.00000000000021,666
652,2602,25.00000000000007,255
653,2603,-6.899999999999999,50
653,2604,37.7000000000003,445
655,2605,178.39999999999463,1831
655,2606,1.799999999999991,86
657,2607,177.19999999999456,1765
658,2608,141.79999999999598,1555
659,2609,68.90000000000005,841
661,2610,239.89999999999068,2590
662,2611,86.19999999999916,1005
663,2612,1.1999999999999966,86
665,2613,237.39999999999017,2691
666,2614,125.59999999999746,1348
667,2615,27.100000000000144,348
668,2616,75.69999999999997,780
669,2617,166.6999999999948,1801
670,2618,91.899999999999,1008
674,2619,347.60000000001224,3832
675,2620,71.00000000000026,820
676,2621,139.99999999999636,1426
676,2622,17.099999999999973,182
677,2623,41.30000000000039,502
677,2624,-1.4999999999999982,50
677,2625,46.900000000000446,558
678,2626,27.80000000000015,331
679,2627,100.99999999999815,1216
679,2628,5.999999999999993,68
679,2629,8.199999999999985,105
680,2630,124.39999999999705,1348
681,2631,80.59999999999971,820
681,2632,4.499999999999979,122
683,2633,115.89999999999763,1236
683,2634,-6.899999999999999,50
683,2635,75.69999999999979,819
684,2636,31.1000000000002,367
685,2637,61.100000000000556,706
685,2638,-3.299999999999998,50
686,2639,100.49999999999838,1043
686,2640,2.9999999999999893,86
687,2641,81.89999999999952,932
687,2642,-6.899999999999999,50
688,2643,122.19999999999719,1329
688,2644,29.600000000000165,331
689,2645,87.99999999999939,933
691,2646,190.49999999999383,1988
691,2647,10.699999999999966,163
692,2648,80.59999999999953,877
692,2649,-6.299999999999999,50
693,2650,33.300000000000225,389
694,2651,97.49999999999876,1010
694,2652,80.9999999999996,818
694,2653,-7.499999999999998,50
695,2654,95.09999999999846,1082
698,2655,263.09999999999263,2834
699,2656,61.60000000000056,633
700,2657,67.80000000000041,707
701,2658,89.89999999999908,1084
701,2659,65.10000000000049,671
703,2660,129.69999999999686,1365
703,2661,32.20000000000019,366
703,2662,7.099999999999985,106
705,2663,153.79999999999563,1678
705,2664,34.20000000000029,425
706,2665,47.00000000000045,538
706,2666,8.299999999999976,124
707,2667,130.49999999999662,1478
708,2668,34.800000000000246,425
708,2669,5.699999999999978,122
709,2670,119.19999999999739,1272
709,2671,-3.299999999999998,50
710,2672,99.8999999999984,1067
711,2673,92.19999999999878,990
711,2674,8.399999999999975,140
711,2675,7.099999999999982,106
711,2676,20.80000000000002,255
712,2677,-5.699999999999998,50
713,2678,99.59999999999859,1085
713,2679,75.89999999999955,800
716,2680,261.4999999999917,2875
716,2681,22.600000000000094,312
717,2682,11.59999999999997,142
720,2683,272.09999999999366,3077
720,2684,39.20000000000029,409
720,2685,2.9999999999999893,86
720,2686,4.899999999999997,69
721,2687,53.500000000000476,558
721,2688,-2.699999999999998,50
721,2689,47.60000000000043,553
722,2690,60.50000000000056,634
723,2691,92.19999999999898,972
724,2692,83.89999999999945,853
724,2693,14.699999999999957,182
724,2694,-0.8999999999999986,50
724,2695,-5.099999999999998,50
724,2696,44.10000000000042,521
726,2697,162.8999999999952,1688
726,2698,16.30000000000001,219
727,2699,60.900000000000574,671
729,2700,177.79999999999455,1765
730,2701,122.29999999999691,1384
731,2702,82.69999999999946,895
733,2703,216.29999999999208,2366
735,2704,143.8999999999958,1591
737,2705,181.89999999999392,2043
737,2706,2.3999999999999897,86
739,2707,171.7999999999943,1837
740,2708,98.99999999999869,1070
742,2709,161.1999999999949,1800
742,2710,6.899999999999977,122
743,2711,174.7999999999944,1837
744,2712,93.5999999999988,1046
746,2713,118.8999999999977,1236
746,2714,3.1999999999999984,70
746,2715,49.70000000000045,514
747,2716,24.000000000000096,296
747,2717,25.500000000000142,326
749,2718,167.19999999999487,1791
751,2719,237.49999999999088,2479
754,2720,280.69999999999624,3040
755,2721,88.79999999999919,974
756,2722,59.1000000000006,671
757,2723,92.79999999999895,1005
758,2724,106.39999999999804,1216
759,2725,111.29999999999795,1151
759,2726,45.60000000000048,635
762,2727,271.29999999999285,2931
768,2728,568.6000000000582,6018
769,2729,38.000000000000256,442
769,2730,5.2999999999999865,97
769,2731,4.9999999999999964,70
769,2732,39.70000000000027,408
771,2733,155.69999999999496,1745
772,2734,117.99999999999766,1272
773,2735,105.49999999999805,1180
774,2736,23.80000000000008,255
774,2737,4.9999999999999964,70
775,2738,108.09999999999809,1236
775,2739,42.60000000000028,407
776,2740,111.69999999999803,1158
778,2741,103.8999999999981,1236
779,2742,102.1999999999984,1159
781,2743,226.39999999999156,2443
784,2744,268.3999999999927,2815
784,2745,20.800000000000047,216
787,2746,269.1999999999935,2928
788,2747,64.80000000000042,707
788,2748,5.2999999999999705,163
789,2749,74.70000000000003,860
790,2750,100.19999999999827,1103
790,2751,5.5999999999999925,70
790,2752,28.80000000000015,296
794,2753,350.40000000001123,3758
796,2754,203.5999999999924,2248
798,2755,166.3999999999952,1765
798,2756,6.299999999999989,104
798,2757,5.999999999999993,68
798,2758,6.699999999999992,69
800,2759,198.9999999999929,2289
801,2760,90.19999999999898,1009
801,2761,2.399999999999999,68
803,2762,132.39999999999628,1461
803,2763,64.3000000000003,687
804,2764,64.80000000000052,707
804,2765,6.899999999999977,122
804,2766,9.69999999999997,141
805,2767,81.09999999999978,897
805,2768,8.799999999999981,105
806,2769,42.200000000000365,481
806,2770,8.899999999999983,106
808,2771,159.49999999999494,1858
808,2772,38.90000000000035,445
811,2773,281.79999999999495,3150
812,2774,94.49999999999892,1010
813,2775,91.09999999999904,928
814,2776,130.59999999999698,1461
815,2777,98.39999999999843,1085
816,2778,61.50000000000064,671
817,2779,66.90000000000053,815
817,2780,34.30000000000023,360
819,2781,124.99999999999719,1348
821,2782,249.69999999999047,2592
822,2783,44.90000000000044,574
822,2784,5.299999999999995,67
822,2785,24.30000000000006,254
822,2786,37.50000000000028,461
824,2787,167.1999999999948,1818
824,2788,6.199999999999992,70
826,2789,195.19999999999325,2026
827,2790,41.10000000000028,443
829,2791,258.1999999999907,2854
831,2792,106.59999999999802,1122
831,2793,35.900000000000254,367
831,2794,3.8,70
831,2795,33.60000000000024,368
832,2796,48.900000000000475,728
837,2797,471.90000000003926,5189
838,2798,74.0999999999999,800
838,2799,32.30000000000023,406
838,2800,3.8,70
839,2801,25.80000000000011,296
839,2802,-0.8999999999999986,50
839,2803,7.999999999999975,142
842,2804,266.29999999999234,2947
842,2805,21.50000000000004,235
845,2806,258.6999999999908,2964
848,2807,249.8999999999887,3188
851,2808,327.50000000000546,3625
853,2809,113.19999999999789,1200
853,2810,65.50000000000048,669
855,2811,121.99999999999667,1492
857,2812,252.6999999999896,2781
860,2813,201.59999999999235,2252
861,2814,78.39999999999979,894
861,2815,15.699999999999957,219
864,2816,263.7999999999921,2817
866,2817,263.29999999999154,2818
867,2818,73.09999999999975,841
869,2819,174.79999999999455,1765
869,2820,6.499999999999966,235
869,2821,-3.899999999999998,50
869,2822,6.199999999999992,70
869,2823,-3.299999999999998,50
870,2824,101.09999999999849,1139
871,2825,48.20000000000045,538
873,2826,182.9999999999937,1991
875,2827,200.79999999999217,2289
876,2828,74.39999999999993,896
876,2829,10.099999999999966,163
878,2830,163.19999999999519,1685
878,2831,62.90000000000072,784
883,2832,384.9000000000187,4250
883,2833,5.7999999999999865,105
883,2834,11.299999999999976,163
884,2835,47.80000000000054,651
884,2836,14.099999999999959,182
889,2837,484.1000000000412,5530
890,2838,57.900000000000524,671
890,2839,8.199999999999983,105
890,2840,15.699999999999964,219
893,2841,254.49999999999014,2592
893,2842,78.89999999999964,860
894,2843,7.699999999999985,106
899,2844,522.5000000000499,5530
899,2845,6.399999999999988,90
901,2846,136.499999999997,1610
901,2847,12.29999999999996,182
901,2848,10.89999999999997,141
901,2849,45.20000000000038,481
904,2850,265.8999999999941,2814
906,2851,127.49999999999662,1538
907,2852,115.89999999999776,1236
908,2853,75.79999999999994,892
908,2854,53.20000000000046,594
909,2855,53.60000000000046,553
909,2856,-3.299999999999998,50
909,2857,47.70000000000049,593
910,2858,74.5999999999998,877
910,2859,6.0999999999999925,69
911,2860,8.499999999999979,141
911,2861,64.70000000000049,784
912,2862,93.19999999999864,1009
914,2863,149.29999999999532,1684
915,2864,48.40000000000044,594
916,2865,101.59999999999836,1159
917,2866,135.29999999999657,1478
918,2867,49.30000000000045,558
920,2868,198.89999999999242,2216
921,2869,141.29999999999637,1460
922,2870,85.09999999999931,1123
926,2871,400.300000000022,4209
927,2872,32.70000000000019,332
927,2873,60.800000000000615,670
934,2874,549.4000000000628,6357
934,2875,30.200000000000177,331
935,2876,134.2999999999964,1519
938,2877,244.89999999999017,2649
941,2878,260.39999999999105,2930
941,2879,11.499999999999954,219
943,2880,205.19999999999257,2330
944,2881,26.900000000000095,295
944,2882,47.50000000000038,480
945,2883,61.600000000000676,705
947,2884,181.59999999999405,1950
947,2885,62.90000000000062,634
951,2886,295.19999999999874,3419
952,2887,126.49999999999659,1453
954,2888,181.89999999999372,2025
956,2889,126.49999999999676,1462
956,2890,15.799999999999983,199
957,2891,168.19999999999482,1798
959,2892,120.59999999999734,1268
959,2893,66.30000000000045,782
963,2894,357.7000000000147,3798
965,2895,155.19999999999501,1794
968,2896,305.4000000000009,3269
969,2897,91.19999999999925,929
970,2898,135.8999999999964,1421
973,2899,298.5999999999993,3150
974,2900,22.3000000000001,276
975,2901,77.89999999999965,784
